<?xml version="1.0"?>
<Content xmlns:xsi="http://www.w3.org/2001/XMLSchema-instance" xmlns:xsd="http://www.w3.org/2001/XMLSchema">
	<Object id="GeneXusUnanimo.Button">
		<Group>
			<Name>General</Name>
			<Type>Main</Type>
			<Children>
				<Prop>
					<Id>Enabled</Id>
					<Name>Enabled</Name>
					<Type>Boolean</Type>
					<Default>true</Default>
					<Values></Values>
				</Prop>
				<Prop>
					<Id>Icon</Id>
					<Name>Icon</Name>
					<Type>Text</Type>
					<Default></Default>
					<Values></Values>
				</Prop>
				<Prop>
					<Id>IconSize</Id>
					<Name>IconSize</Name>
					<Type>Text</Type>
					<Default></Default>
					<Values></Values>
				</Prop>
				<Prop>
					<Id>IconColor</Id>
					<Name>IconColor</Name>
					<Type>Text</Type>
					<Default></Default>
					<Values></Values>
				</Prop>
				<Prop>
					<Id>Variant</Id>
					<Name>Variant</Name>
					<Type>Combo</Type>
					<Default>Text + icon</Default>
					<Values><Value id='Text + icon' desc='Text + icon' /> 
					<Value id='Icon only' desc='Icon only' /> </Values>
				</Prop>
				<Prop>
					<Id>Style</Id>
					<Name>Style</Name>
					<Type>Combo</Type>
					<Default>Normal</Default>
					<Values><Value id='Normal' desc='Normal' /> 
					<Value id='Rounded' desc='Rounded' /> </Values>
				</Prop>
			</Children>
		</Group>
	</Object>
</Content>