{"CollectionItemName":"Item","Config":{"JsonNumericMaxPrecision":false,"XEv3Compatibility":false},"ExposedName":"Item","ExposedNamespace":"projeto","HasJsonName":false,"Index":0,"IsCollection":true,"IsWrappedSerialized":true,"JsonInclude":"idJsonNoProperty","JsonName":"crud_servidor_temporario_get_sdt","KBLocation":"C:\\KBs\\projeto","Name":"crud_servidor_temporario_get_sdt","XmlCollectionItemName":"Item","XmlCollectionItemNamespace":null,"XmlInclude":"idXmlIncludeAlways","XmlName":"crud_servidor_temporario_get_sdt","XmlNamespace":null,"CSCompilationIncludes":[],"FullItemName":"crud_servidor_temporario_get_sdt.Item","FullName":"crud_servidor_temporario_get_sdt","IsWrappedJsonLevel":true,"Items":[{"CollectionItemName":null,"Config":{"JsonNumericMaxPrecision":false,"XEv3Compatibility":false},"ExposedName":null,"ExposedNamespace":null,"HasJsonName":false,"Index":0,"IsCollection":false,"IsWrappedSerialized":false,"JsonInclude":"idJsonEmpty","JsonName":"st_pes_id","KBLocation":"C:\\KBs\\projeto","Name":"st_pes_id","XmlCollectionItemName":null,"XmlCollectionItemNamespace":null,"XmlInclude":"idXmlIncludeAlways","XmlName":"st_pes_id","XmlNamespace":null,"CSharpRef":null,"CustomType":null,"Decimals":0,"InitialValue":null,"InitialValueSpec":null,"InternalType":4,"JavaRef":null,"Length":10,"SoapType":"","XmlDateSerialization":"idXmlDateDefaultFormat","XmlType":"Element"},{"CollectionItemName":null,"Config":{"JsonNumericMaxPrecision":false,"XEv3Compatibility":false},"ExposedName":null,"ExposedNamespace":null,"HasJsonName":false,"Index":1,"IsCollection":false,"IsWrappedSerialized":false,"JsonInclude":"idJsonEmpty","JsonName":"st_data_admissao","KBLocation":"C:\\KBs\\projeto","Name":"st_data_admissao","XmlCollectionItemName":null,"XmlCollectionItemNamespace":null,"XmlInclude":"idXmlIncludeAlways","XmlName":"st_data_admissao","XmlNamespace":null,"CSharpRef":null,"CustomType":null,"Decimals":0,"InitialValue":null,"InitialValueSpec":null,"InternalType":6,"JavaRef":null,"Length":8,"SoapType":"","XmlDateSerialization":"idXmlDateDefaultFormat","XmlType":"Element"},{"CollectionItemName":null,"Config":{"JsonNumericMaxPrecision":false,"XEv3Compatibility":false},"ExposedName":null,"ExposedNamespace":null,"HasJsonName":false,"Index":2,"IsCollection":false,"IsWrappedSerialized":false,"JsonInclude":"idJsonEmpty","JsonName":"st_data_demissao","KBLocation":"C:\\KBs\\projeto","Name":"st_data_demissao","XmlCollectionItemName":null,"XmlCollectionItemNamespace":null,"XmlInclude":"idXmlIncludeAlways","XmlName":"st_data_demissao","XmlNamespace":null,"CSharpRef":null,"CustomType":null,"Decimals":0,"InitialValue":null,"InitialValueSpec":null,"InternalType":6,"JavaRef":null,"Length":8,"SoapType":"","XmlDateSerialization":"idXmlDateDefaultFormat","XmlType":"Element"},{"CollectionItemName":null,"Config":{"JsonNumericMaxPrecision":false,"XEv3Compatibility":false},"ExposedName":null,"ExposedNamespace":null,"HasJsonName":false,"Index":3,"IsCollection":false,"IsWrappedSerialized":false,"JsonInclude":"idJsonEmpty","JsonName":"pes_nome","KBLocation":"C:\\KBs\\projeto","Name":"pes_nome","XmlCollectionItemName":null,"XmlCollectionItemNamespace":null,"XmlInclude":"idXmlIncludeAlways","XmlName":"pes_nome","XmlNamespace":null,"CSharpRef":null,"CustomType":null,"Decimals":0,"InitialValue":null,"InitialValueSpec":null,"InternalType":13,"JavaRef":null,"Length":200,"SoapType":"","XmlDateSerialization":"idXmlDateDefaultFormat","XmlType":"Element"},{"CollectionItemName":null,"Config":{"JsonNumericMaxPrecision":false,"XEv3Compatibility":false},"ExposedName":null,"ExposedNamespace":null,"HasJsonName":false,"Index":4,"IsCollection":false,"IsWrappedSerialized":false,"JsonInclude":"idJsonEmpty","JsonName":"pes_data_nascimento","KBLocation":"C:\\KBs\\projeto","Name":"pes_data_nascimento","XmlCollectionItemName":null,"XmlCollectionItemNamespace":null,"XmlInclude":"idXmlIncludeAlways","XmlName":"pes_data_nascimento","XmlNamespace":null,"CSharpRef":null,"CustomType":null,"Decimals":0,"InitialValue":null,"InitialValueSpec":null,"InternalType":6,"JavaRef":null,"Length":8,"SoapType":"","XmlDateSerialization":"idXmlDateDefaultFormat","XmlType":"Element"},{"CollectionItemName":null,"Config":{"JsonNumericMaxPrecision":false,"XEv3Compatibility":false},"ExposedName":null,"ExposedNamespace":null,"HasJsonName":false,"Index":5,"IsCollection":false,"IsWrappedSerialized":false,"JsonInclude":"idJsonEmpty","JsonName":"pes_sexo","KBLocation":"C:\\KBs\\projeto","Name":"pes_sexo","XmlCollectionItemName":null,"XmlCollectionItemNamespace":null,"XmlInclude":"idXmlIncludeAlways","XmlName":"pes_sexo","XmlNamespace":null,"CSharpRef":null,"CustomType":null,"Decimals":0,"InitialValue":null,"InitialValueSpec":null,"InternalType":13,"JavaRef":null,"Length":9,"SoapType":"","XmlDateSerialization":"idXmlDateDefaultFormat","XmlType":"Element"},{"CollectionItemName":null,"Config":{"JsonNumericMaxPrecision":false,"XEv3Compatibility":false},"ExposedName":null,"ExposedNamespace":null,"HasJsonName":false,"Index":6,"IsCollection":false,"IsWrappedSerialized":false,"JsonInclude":"idJsonEmpty","JsonName":"pes_mae","KBLocation":"C:\\KBs\\projeto","Name":"pes_mae","XmlCollectionItemName":null,"XmlCollectionItemNamespace":null,"XmlInclude":"idXmlIncludeAlways","XmlName":"pes_mae","XmlNamespace":null,"CSharpRef":null,"CustomType":null,"Decimals":0,"InitialValue":null,"InitialValueSpec":null,"InternalType":13,"JavaRef":null,"Length":200,"SoapType":"","XmlDateSerialization":"idXmlDateDefaultFormat","XmlType":"Element"},{"CollectionItemName":null,"Config":{"JsonNumericMaxPrecision":false,"XEv3Compatibility":false},"ExposedName":null,"ExposedNamespace":null,"HasJsonName":false,"Index":7,"IsCollection":false,"IsWrappedSerialized":false,"JsonInclude":"idJsonEmpty","JsonName":"pes_pai","KBLocation":"C:\\KBs\\projeto","Name":"pes_pai","XmlCollectionItemName":null,"XmlCollectionItemNamespace":null,"XmlInclude":"idXmlIncludeAlways","XmlName":"pes_pai","XmlNamespace":null,"CSharpRef":null,"CustomType":null,"Decimals":0,"InitialValue":null,"InitialValueSpec":null,"InternalType":13,"JavaRef":null,"Length":200,"SoapType":"","XmlDateSerialization":"idXmlDateDefaultFormat","XmlType":"Element"},{"CollectionItemName":null,"Config":{"JsonNumericMaxPrecision":false,"XEv3Compatibility":false},"ExposedName":null,"ExposedNamespace":null,"HasJsonName":false,"Index":8,"IsCollection":false,"IsWrappedSerialized":false,"JsonInclude":"idJsonEmpty","JsonName":"end_tipo_endereco","KBLocation":"C:\\KBs\\projeto","Name":"end_tipo_endereco","XmlCollectionItemName":null,"XmlCollectionItemNamespace":null,"XmlInclude":"idXmlIncludeAlways","XmlName":"end_tipo_endereco","XmlNamespace":null,"CSharpRef":null,"CustomType":null,"Decimals":0,"InitialValue":null,"InitialValueSpec":null,"InternalType":13,"JavaRef":null,"Length":20,"SoapType":"","XmlDateSerialization":"idXmlDateDefaultFormat","XmlType":"Element"},{"CollectionItemName":null,"Config":{"JsonNumericMaxPrecision":false,"XEv3Compatibility":false},"ExposedName":null,"ExposedNamespace":null,"HasJsonName":false,"Index":9,"IsCollection":false,"IsWrappedSerialized":false,"JsonInclude":"idJsonEmpty","JsonName":"end_logradouro","KBLocation":"C:\\KBs\\projeto","Name":"end_logradouro","XmlCollectionItemName":null,"XmlCollectionItemNamespace":null,"XmlInclude":"idXmlIncludeAlways","XmlName":"end_logradouro","XmlNamespace":null,"CSharpRef":null,"CustomType":null,"Decimals":0,"InitialValue":null,"InitialValueSpec":null,"InternalType":13,"JavaRef":null,"Length":200,"SoapType":"","XmlDateSerialization":"idXmlDateDefaultFormat","XmlType":"Element"},{"CollectionItemName":null,"Config":{"JsonNumericMaxPrecision":false,"XEv3Compatibility":false},"ExposedName":null,"ExposedNamespace":null,"HasJsonName":false,"Index":10,"IsCollection":false,"IsWrappedSerialized":false,"JsonInclude":"idJsonEmpty","JsonName":"end_numero","KBLocation":"C:\\KBs\\projeto","Name":"end_numero","XmlCollectionItemName":null,"XmlCollectionItemNamespace":null,"XmlInclude":"idXmlIncludeAlways","XmlName":"end_numero","XmlNamespace":null,"CSharpRef":null,"CustomType":null,"Decimals":0,"InitialValue":null,"InitialValueSpec":null,"InternalType":4,"JavaRef":null,"Length":10,"SoapType":"","XmlDateSerialization":"idXmlDateDefaultFormat","XmlType":"Element"},{"CollectionItemName":null,"Config":{"JsonNumericMaxPrecision":false,"XEv3Compatibility":false},"ExposedName":null,"ExposedNamespace":null,"HasJsonName":false,"Index":11,"IsCollection":false,"IsWrappedSerialized":false,"JsonInclude":"idJsonEmpty","JsonName":"end_bairro","KBLocation":"C:\\KBs\\projeto","Name":"end_bairro","XmlCollectionItemName":null,"XmlCollectionItemNamespace":null,"XmlInclude":"idXmlIncludeAlways","XmlName":"end_bairro","XmlNamespace":null,"CSharpRef":null,"CustomType":null,"Decimals":0,"InitialValue":null,"InitialValueSpec":null,"InternalType":13,"JavaRef":null,"Length":100,"SoapType":"","XmlDateSerialization":"idXmlDateDefaultFormat","XmlType":"Element"},{"CollectionItemName":null,"Config":{"JsonNumericMaxPrecision":false,"XEv3Compatibility":false},"ExposedName":null,"ExposedNamespace":null,"HasJsonName":false,"Index":12,"IsCollection":false,"IsWrappedSerialized":false,"JsonInclude":"idJsonEmpty","JsonName":"cid_nome","KBLocation":"C:\\KBs\\projeto","Name":"cid_nome","XmlCollectionItemName":null,"XmlCollectionItemNamespace":null,"XmlInclude":"idXmlIncludeAlways","XmlName":"cid_nome","XmlNamespace":null,"CSharpRef":null,"CustomType":null,"Decimals":0,"InitialValue":null,"InitialValueSpec":null,"InternalType":13,"JavaRef":null,"Length":200,"SoapType":"","XmlDateSerialization":"idXmlDateDefaultFormat","XmlType":"Element"},{"CollectionItemName":null,"Config":{"JsonNumericMaxPrecision":false,"XEv3Compatibility":false},"ExposedName":null,"ExposedNamespace":null,"HasJsonName":false,"Index":13,"IsCollection":false,"IsWrappedSerialized":false,"JsonInclude":"idJsonEmpty","JsonName":"cid_uf","KBLocation":"C:\\KBs\\projeto","Name":"cid_uf","XmlCollectionItemName":null,"XmlCollectionItemNamespace":null,"XmlInclude":"idXmlIncludeAlways","XmlName":"cid_uf","XmlNamespace":null,"CSharpRef":null,"CustomType":null,"Decimals":0,"InitialValue":null,"InitialValueSpec":null,"InternalType":5,"JavaRef":null,"Length":2,"SoapType":"","XmlDateSerialization":"idXmlDateDefaultFormat","XmlType":"Element"}],"Levels":[],"RestContract":"crud_servidor_temporario_get_sdt.Item"}