{"CollectionItemName":null,"Config":{"JsonNumericMaxPrecision":false,"XEv3Compatibility":false},"ExposedName":"crud_lotacao_get_sdt","ExposedNamespace":"projeto","HasJsonName":false,"Index":0,"IsCollection":false,"IsWrappedSerialized":false,"JsonInclude":"idJsonNoProperty","JsonName":"crud_lotacao_get_sdt","KBLocation":"C:\\KBs\\projeto","Name":"crud_lotacao_get_sdt","XmlCollectionItemName":null,"XmlCollectionItemNamespace":null,"XmlInclude":"idXmlIncludeAlways","XmlName":"crud_lotacao_get_sdt","XmlNamespace":null,"CSCompilationIncludes":[],"FullItemName":"crud_lotacao_get_sdt","FullName":"crud_lotacao_get_sdt","IsWrappedJsonLevel":false,"Items":[{"CollectionItemName":null,"Config":{"JsonNumericMaxPrecision":false,"XEv3Compatibility":false},"ExposedName":null,"ExposedNamespace":null,"HasJsonName":false,"Index":0,"IsCollection":false,"IsWrappedSerialized":false,"JsonInclude":"idJsonEmpty","JsonName":"lot_id","KBLocation":"C:\\KBs\\projeto","Name":"lot_id","XmlCollectionItemName":null,"XmlCollectionItemNamespace":null,"XmlInclude":"idXmlIncludeAlways","XmlName":"lot_id","XmlNamespace":null,"CSharpRef":null,"CustomType":null,"Decimals":0,"InitialValue":null,"InitialValueSpec":null,"InternalType":4,"JavaRef":null,"Length":10,"SoapType":"","XmlDateSerialization":"idXmlDateDefaultFormat","XmlType":"Element"},{"CollectionItemName":null,"Config":{"JsonNumericMaxPrecision":false,"XEv3Compatibility":false},"ExposedName":null,"ExposedNamespace":null,"HasJsonName":false,"Index":1,"IsCollection":false,"IsWrappedSerialized":false,"JsonInclude":"idJsonEmpty","JsonName":"pes_id","KBLocation":"C:\\KBs\\projeto","Name":"pes_id","XmlCollectionItemName":null,"XmlCollectionItemNamespace":null,"XmlInclude":"idXmlIncludeAlways","XmlName":"pes_id","XmlNamespace":null,"CSharpRef":null,"CustomType":null,"Decimals":0,"InitialValue":null,"InitialValueSpec":null,"InternalType":4,"JavaRef":null,"Length":10,"SoapType":"","XmlDateSerialization":"idXmlDateDefaultFormat","XmlType":"Element"},{"CollectionItemName":null,"Config":{"JsonNumericMaxPrecision":false,"XEv3Compatibility":false},"ExposedName":null,"ExposedNamespace":null,"HasJsonName":false,"Index":2,"IsCollection":false,"IsWrappedSerialized":false,"JsonInclude":"idJsonEmpty","JsonName":"pes_nome","KBLocation":"C:\\KBs\\projeto","Name":"pes_nome","XmlCollectionItemName":null,"XmlCollectionItemNamespace":null,"XmlInclude":"idXmlIncludeAlways","XmlName":"pes_nome","XmlNamespace":null,"CSharpRef":null,"CustomType":null,"Decimals":0,"InitialValue":null,"InitialValueSpec":null,"InternalType":13,"JavaRef":null,"Length":200,"SoapType":"","XmlDateSerialization":"idXmlDateDefaultFormat","XmlType":"Element"},{"CollectionItemName":null,"Config":{"JsonNumericMaxPrecision":false,"XEv3Compatibility":false},"ExposedName":null,"ExposedNamespace":null,"HasJsonName":false,"Index":3,"IsCollection":false,"IsWrappedSerialized":false,"JsonInclude":"idJsonEmpty","JsonName":"unid_id","KBLocation":"C:\\KBs\\projeto","Name":"unid_id","XmlCollectionItemName":null,"XmlCollectionItemNamespace":null,"XmlInclude":"idXmlIncludeAlways","XmlName":"unid_id","XmlNamespace":null,"CSharpRef":null,"CustomType":null,"Decimals":0,"InitialValue":null,"InitialValueSpec":null,"InternalType":4,"JavaRef":null,"Length":10,"SoapType":"","XmlDateSerialization":"idXmlDateDefaultFormat","XmlType":"Element"},{"CollectionItemName":null,"Config":{"JsonNumericMaxPrecision":false,"XEv3Compatibility":false},"ExposedName":null,"ExposedNamespace":null,"HasJsonName":false,"Index":4,"IsCollection":false,"IsWrappedSerialized":false,"JsonInclude":"idJsonEmpty","JsonName":"unid_nome","KBLocation":"C:\\KBs\\projeto","Name":"unid_nome","XmlCollectionItemName":null,"XmlCollectionItemNamespace":null,"XmlInclude":"idXmlIncludeAlways","XmlName":"unid_nome","XmlNamespace":null,"CSharpRef":null,"CustomType":null,"Decimals":0,"InitialValue":null,"InitialValueSpec":null,"InternalType":13,"JavaRef":null,"Length":200,"SoapType":"","XmlDateSerialization":"idXmlDateDefaultFormat","XmlType":"Element"},{"CollectionItemName":null,"Config":{"JsonNumericMaxPrecision":false,"XEv3Compatibility":false},"ExposedName":null,"ExposedNamespace":null,"HasJsonName":false,"Index":5,"IsCollection":false,"IsWrappedSerialized":false,"JsonInclude":"idJsonEmpty","JsonName":"lot_data_lotacao","KBLocation":"C:\\KBs\\projeto","Name":"lot_data_lotacao","XmlCollectionItemName":null,"XmlCollectionItemNamespace":null,"XmlInclude":"idXmlIncludeAlways","XmlName":"lot_data_lotacao","XmlNamespace":null,"CSharpRef":null,"CustomType":null,"Decimals":0,"InitialValue":null,"InitialValueSpec":null,"InternalType":6,"JavaRef":null,"Length":8,"SoapType":"","XmlDateSerialization":"idXmlDateDefaultFormat","XmlType":"Element"},{"CollectionItemName":null,"Config":{"JsonNumericMaxPrecision":false,"XEv3Compatibility":false},"ExposedName":null,"ExposedNamespace":null,"HasJsonName":false,"Index":6,"IsCollection":false,"IsWrappedSerialized":false,"JsonInclude":"idJsonEmpty","JsonName":"lot_data_remocao","KBLocation":"C:\\KBs\\projeto","Name":"lot_data_remocao","XmlCollectionItemName":null,"XmlCollectionItemNamespace":null,"XmlInclude":"idXmlIncludeAlways","XmlName":"lot_data_remocao","XmlNamespace":null,"CSharpRef":null,"CustomType":null,"Decimals":0,"InitialValue":null,"InitialValueSpec":null,"InternalType":6,"JavaRef":null,"Length":8,"SoapType":"","XmlDateSerialization":"idXmlDateDefaultFormat","XmlType":"Element"},{"CollectionItemName":null,"Config":{"JsonNumericMaxPrecision":false,"XEv3Compatibility":false},"ExposedName":null,"ExposedNamespace":null,"HasJsonName":false,"Index":7,"IsCollection":false,"IsWrappedSerialized":false,"JsonInclude":"idJsonEmpty","JsonName":"lot_portaria","KBLocation":"C:\\KBs\\projeto","Name":"lot_portaria","XmlCollectionItemName":null,"XmlCollectionItemNamespace":null,"XmlInclude":"idXmlIncludeAlways","XmlName":"lot_portaria","XmlNamespace":null,"CSharpRef":null,"CustomType":null,"Decimals":0,"InitialValue":null,"InitialValueSpec":null,"InternalType":13,"JavaRef":null,"Length":100,"SoapType":"","XmlDateSerialization":"idXmlDateDefaultFormat","XmlType":"Element"}],"Levels":[],"RestContract":"crud_lotacao_get_sdt"}