{"CollectionItemName":null,"Config":{"JsonNumericMaxPrecision":false,"XEv3Compatibility":false},"ExposedName":"crud_foto_pessoa_post_sdt","ExposedNamespace":"projeto","HasJsonName":false,"Index":0,"IsCollection":false,"IsWrappedSerialized":false,"JsonInclude":"idJsonNoProperty","JsonName":"crud_foto_pessoa_post_sdt","KBLocation":"C:\\KBs\\projeto","Name":"crud_foto_pessoa_post_sdt","XmlCollectionItemName":null,"XmlCollectionItemNamespace":null,"XmlInclude":"idXmlIncludeAlways","XmlName":"crud_foto_pessoa_post_sdt","XmlNamespace":null,"CSCompilationIncludes":[],"FullItemName":"crud_foto_pessoa_post_sdt","FullName":"crud_foto_pessoa_post_sdt","IsWrappedJsonLevel":false,"Items":[{"CollectionItemName":null,"Config":{"JsonNumericMaxPrecision":false,"XEv3Compatibility":false},"ExposedName":null,"ExposedNamespace":null,"HasJsonName":false,"Index":0,"IsCollection":false,"IsWrappedSerialized":false,"JsonInclude":"idJsonEmpty","JsonName":"pes_id","KBLocation":"C:\\KBs\\projeto","Name":"pes_id","XmlCollectionItemName":null,"XmlCollectionItemNamespace":null,"XmlInclude":"idXmlIncludeAlways","XmlName":"pes_id","XmlNamespace":null,"CSharpRef":null,"CustomType":null,"Decimals":0,"InitialValue":null,"InitialValueSpec":null,"InternalType":4,"JavaRef":null,"Length":10,"SoapType":"","XmlDateSerialization":"idXmlDateDefaultFormat","XmlType":"Element"},{"CollectionItemName":null,"Config":{"JsonNumericMaxPrecision":false,"XEv3Compatibility":false},"ExposedName":null,"ExposedNamespace":null,"HasJsonName":false,"Index":1,"IsCollection":false,"IsWrappedSerialized":false,"JsonInclude":"idJsonEmpty","JsonName":"fp_foto","KBLocation":"C:\\KBs\\projeto","Name":"fp_foto","XmlCollectionItemName":null,"XmlCollectionItemNamespace":null,"XmlInclude":"idXmlIncludeAlways","XmlName":"fp_foto","XmlNamespace":null,"CSharpRef":null,"CustomType":null,"Decimals":0,"InitialValue":null,"InitialValueSpec":null,"InternalType":14,"JavaRef":null,"Length":4,"SoapType":"","XmlDateSerialization":"idXmlDateDefaultFormat","XmlType":"Element"}],"Levels":[],"RestContract":"crud_foto_pessoa_post_sdt"}