{"CollectionItemName":"MensItem","Config":{"JsonNumericMaxPrecision":false,"XEv3Compatibility":false},"ExposedName":"MensItem","ExposedNamespace":"projeto","HasJsonName":false,"Index":0,"IsCollection":true,"IsWrappedSerialized":true,"JsonInclude":"idJsonNoProperty","JsonName":"Mens","KBLocation":"C:\\KBs\\projeto","Name":"Mens","XmlCollectionItemName":"MensItem","XmlCollectionItemNamespace":null,"XmlInclude":"idXmlIncludeAlways","XmlName":"Mens","XmlNamespace":null,"CSCompilationIncludes":[],"FullItemName":"Mens.MensItem","FullName":"Mens","IsWrappedJsonLevel":true,"Items":[{"CollectionItemName":null,"Config":{"JsonNumericMaxPrecision":false,"XEv3Compatibility":false},"ExposedName":null,"ExposedNamespace":null,"HasJsonName":false,"Index":0,"IsCollection":false,"IsWrappedSerialized":false,"JsonInclude":"idJsonEmpty","JsonName":"Tipo","KBLocation":"C:\\KBs\\projeto","Name":"Tipo","XmlCollectionItemName":null,"XmlCollectionItemNamespace":null,"XmlInclude":"idXmlIncludeAlways","XmlName":"Tipo","XmlNamespace":null,"CSharpRef":null,"CustomType":null,"Decimals":0,"InitialValue":null,"InitialValueSpec":null,"InternalType":4,"JavaRef":null,"Length":2,"SoapType":"","XmlDateSerialization":"idXmlDateDefaultFormat","XmlType":"Element"},{"CollectionItemName":null,"Config":{"JsonNumericMaxPrecision":false,"XEv3Compatibility":false},"ExposedName":null,"ExposedNamespace":null,"HasJsonName":false,"Index":1,"IsCollection":false,"IsWrappedSerialized":false,"JsonInclude":"idJsonEmpty","JsonName":"Descricao","KBLocation":"C:\\KBs\\projeto","Name":"Descricao","XmlCollectionItemName":null,"XmlCollectionItemNamespace":null,"XmlInclude":"idXmlIncludeAlways","XmlName":"Descricao","XmlNamespace":null,"CSharpRef":null,"CustomType":null,"Decimals":0,"InitialValue":null,"InitialValueSpec":null,"InternalType":13,"JavaRef":null,"Length":400,"SoapType":"","XmlDateSerialization":"idXmlDateDefaultFormat","XmlType":"Element"},{"CollectionItemName":null,"Config":{"JsonNumericMaxPrecision":false,"XEv3Compatibility":false},"ExposedName":null,"ExposedNamespace":null,"HasJsonName":false,"Index":2,"IsCollection":false,"IsWrappedSerialized":false,"JsonInclude":"idJsonEmpty","JsonName":"retorno_id","KBLocation":"C:\\KBs\\projeto","Name":"retorno_id","XmlCollectionItemName":null,"XmlCollectionItemNamespace":null,"XmlInclude":"idXmlIncludeAlways","XmlName":"retorno_id","XmlNamespace":null,"CSharpRef":null,"CustomType":null,"Decimals":0,"InitialValue":null,"InitialValueSpec":null,"InternalType":4,"JavaRef":null,"Length":10,"SoapType":"","XmlDateSerialization":"idXmlDateDefaultFormat","XmlType":"Element"}],"Levels":[],"RestContract":"Mens.MensItem"}