
<ReorgSpec>
<SpecVersion>18_0_8-180599</SpecVersion>
<Table>
<TableId>10</TableId>
<TableName>cidade</TableName>
<Description>cidade</Description></Table>
<ReorgCls>c</ReorgCls>
<ReorgCode>new</ReorgCode>
<ReorgMsg>cidade is new</ReorgMsg>
<ReorgAction>*</ReorgAction>
<TableAttributes>
<AttrisInTable>
<Attribute>
<AttriId>8</AttriId>
<AttriName>cid_id</AttriName>
<Description>cid_id</Description>
<TakesValueFrom></TakesValueFrom>
<OnPrimaryKey>Yes</OnPrimaryKey>
<AttriType>
<DataType>N</DataType>
<Presicion>10</Presicion>
<Scale>0</Scale>
<Properties>
<Property>
<Name>Autonumber</Name>
<Value>Yes</Value></Property>
<Property>
<Name>Autogenerate</Name>
<Value>No</Value></Property>
<Property>
<Name>AllowNulls</Name>
<Value>No</Value></Property></Properties></AttriType></Attribute>
<Attribute>
<AttriId>28</AttriId>
<AttriName>cid_nome</AttriName>
<Description>cid_nome</Description>
<TakesValueFrom></TakesValueFrom>
<AttriType>
<DataType>V</DataType>
<Presicion>200</Presicion>
<Scale>0</Scale>
<Properties>
<Property>
<Name>Autonumber</Name>
<Value>No</Value></Property>
<Property>
<Name>Autogenerate</Name>
<Value>No</Value></Property>
<Property>
<Name>AllowNulls</Name>
<Value>Yes</Value></Property>
<Property>
<Name>NLS</Name>
<Value>Yes</Value></Property></Properties></AttriType></Attribute>
<Attribute>
<AttriId>29</AttriId>
<AttriName>cid_uf</AttriName>
<Description>cid_uf</Description>
<TakesValueFrom></TakesValueFrom>
<AttriType>
<DataType>C</DataType>
<Presicion>2</Presicion>
<Scale>0</Scale>
<Properties>
<Property>
<Name>Autonumber</Name>
<Value>No</Value></Property>
<Property>
<Name>Autogenerate</Name>
<Value>No</Value></Property>
<Property>
<Name>AllowNulls</Name>
<Value>Yes</Value></Property>
<Property>
<Name>NLS</Name>
<Value>Yes</Value></Property></Properties></AttriType></Attribute></AttrisInTable>
<AttrisNoLongerInTable></AttrisNoLongerInTable>
<AttrisInManyTables></AttrisInManyTables></TableAttributes>
<TableIndices>
<Indices>
<Index>
<IndexName>ICIDADE</IndexName>
<IndexType>u</IndexType>
<IndexAttris>
<Attribute>
<AttriId>8</AttriId>
<AttriName>cid_id</AttriName>
<Description>cid_id</Description></Attribute></IndexAttris>
<IndexExistance>AlreadyExist</IndexExistance>
<Clustered>No</Clustered></Index></Indices></TableIndices>
<FKConstraints></FKConstraints>
<Statements>
<Statement>CREATE SEQUENCE cid_id MINVALUE 1 INCREMENT 1</Statement>
<Statement>CREATE TABLE cidade (cid_id bigint NOT NULL DEFAULT nextval('cid_id'), cid_nome VARCHAR(200) , cid_uf CHAR(2) , PRIMARY KEY(cid_id)) </Statement></Statements>
<NeedReorganizationProgram>False</NeedReorganizationProgram>
<Warnings></Warnings>
<Errors></Errors></ReorgSpec>