
<ReorgSpec>
<SpecVersion>18_0_8-180599</SpecVersion>
<Table>
<TableId>9</TableId>
<TableName>endereco</TableName>
<Description>endereco</Description></Table>
<ReorgCls>c</ReorgCls>
<ReorgCode>new</ReorgCode>
<ReorgMsg>endereco is new</ReorgMsg>
<ReorgAction>*</ReorgAction>
<TableAttributes>
<AttrisInTable>
<Attribute>
<AttriId>2</AttriId>
<AttriName>end_id</AttriName>
<Description>end_id</Description>
<TakesValueFrom></TakesValueFrom>
<OnPrimaryKey>Yes</OnPrimaryKey>
<AttriType>
<DataType>N</DataType>
<Presicion>10</Presicion>
<Scale>0</Scale>
<Properties>
<Property>
<Name>Autonumber</Name>
<Value>Yes</Value></Property>
<Property>
<Name>Autogenerate</Name>
<Value>No</Value></Property>
<Property>
<Name>AllowNulls</Name>
<Value>No</Value></Property></Properties></AttriType></Attribute>
<Attribute>
<AttriId>24</AttriId>
<AttriName>end_tipo_endereco</AttriName>
<Description>end_tipo_endereco</Description>
<TakesValueFrom></TakesValueFrom>
<AttriType>
<DataType>V</DataType>
<Presicion>20</Presicion>
<Scale>0</Scale>
<Properties>
<Property>
<Name>Autonumber</Name>
<Value>No</Value></Property>
<Property>
<Name>Autogenerate</Name>
<Value>No</Value></Property>
<Property>
<Name>AllowNulls</Name>
<Value>Yes</Value></Property>
<Property>
<Name>NLS</Name>
<Value>Yes</Value></Property></Properties></AttriType></Attribute>
<Attribute>
<AttriId>25</AttriId>
<AttriName>end_logradouro</AttriName>
<Description>end_logradouro</Description>
<TakesValueFrom></TakesValueFrom>
<AttriType>
<DataType>V</DataType>
<Presicion>200</Presicion>
<Scale>0</Scale>
<Properties>
<Property>
<Name>Autonumber</Name>
<Value>No</Value></Property>
<Property>
<Name>Autogenerate</Name>
<Value>No</Value></Property>
<Property>
<Name>AllowNulls</Name>
<Value>Yes</Value></Property>
<Property>
<Name>NLS</Name>
<Value>Yes</Value></Property></Properties></AttriType></Attribute>
<Attribute>
<AttriId>26</AttriId>
<AttriName>end_numero</AttriName>
<Description>end_numero</Description>
<TakesValueFrom></TakesValueFrom>
<AttriType>
<DataType>N</DataType>
<Presicion>10</Presicion>
<Scale>0</Scale>
<Properties>
<Property>
<Name>Autonumber</Name>
<Value>No</Value></Property>
<Property>
<Name>Autogenerate</Name>
<Value>No</Value></Property>
<Property>
<Name>AllowNulls</Name>
<Value>Yes</Value></Property></Properties></AttriType></Attribute>
<Attribute>
<AttriId>27</AttriId>
<AttriName>end_bairro</AttriName>
<Description>end_bairro</Description>
<TakesValueFrom></TakesValueFrom>
<AttriType>
<DataType>V</DataType>
<Presicion>100</Presicion>
<Scale>0</Scale>
<Properties>
<Property>
<Name>Autonumber</Name>
<Value>No</Value></Property>
<Property>
<Name>Autogenerate</Name>
<Value>No</Value></Property>
<Property>
<Name>AllowNulls</Name>
<Value>Yes</Value></Property>
<Property>
<Name>NLS</Name>
<Value>Yes</Value></Property></Properties></AttriType></Attribute>
<Attribute>
<AttriId>8</AttriId>
<AttriName>cid_id</AttriName>
<Description>cid_id</Description>
<TakesValueFrom></TakesValueFrom>
<AttriType>
<DataType>N</DataType>
<Presicion>10</Presicion>
<Scale>0</Scale>
<Properties>
<Property>
<Name>Autonumber</Name>
<Value>No</Value></Property>
<Property>
<Name>Autogenerate</Name>
<Value>No</Value></Property>
<Property>
<Name>AllowNulls</Name>
<Value>Yes</Value></Property></Properties></AttriType></Attribute></AttrisInTable>
<AttrisNoLongerInTable></AttrisNoLongerInTable>
<AttrisInManyTables></AttrisInManyTables></TableAttributes>
<TableIndices>
<Indices>
<Index>
<IndexName>IENDERECO</IndexName>
<IndexType>u</IndexType>
<IndexAttris>
<Attribute>
<AttriId>2</AttriId>
<AttriName>end_id</AttriName>
<Description>end_id</Description></Attribute></IndexAttris>
<IndexExistance>AlreadyExist</IndexExistance>
<Clustered>No</Clustered></Index>
<Index>
<IndexName>IENDERECO1</IndexName>
<IndexType>d</IndexType>
<IndexAttris>
<Attribute>
<AttriId>8</AttriId>
<AttriName>cid_id</AttriName>
<Description>cid_id</Description></Attribute></IndexAttris>
<IndexExistance>AlreadyExist</IndexExistance>
<Clustered>No</Clustered></Index></Indices></TableIndices>
<FKConstraints>
<FKConstraint>
<ChangeType>none</ChangeType>
<Table>
<TableId>10</TableId>
<TableName>cidade</TableName>
<Description>cidade</Description></Table>
<Attributes>
<Attribute>
<AttriId>8</AttriId>
<AttriName>cid_id</AttriName>
<Description>cid_id</Description></Attribute></Attributes></FKConstraint></FKConstraints>
<Statements>
<Statement>CREATE SEQUENCE end_id MINVALUE 1 INCREMENT 1</Statement>
<Statement>CREATE TABLE endereco (end_id bigint NOT NULL DEFAULT nextval('end_id'), end_tipo_endereco VARCHAR(20) , end_logradouro VARCHAR(200) , end_numero bigint , end_bairro VARCHAR(100) , cid_id bigint , PRIMARY KEY(end_id)) </Statement>
<Statement>CREATE INDEX IENDERECO1 ON endereco (cid_id )</Statement>
<Statement>ALTER TABLE endereco ADD CONSTRAINT IENDERECO1 FOREIGN KEY (cid_id) REFERENCES cidade (cid_id)</Statement></Statements>
<NeedReorganizationProgram>False</NeedReorganizationProgram>
<Warnings></Warnings>
<Errors></Errors></ReorgSpec>