
<ReorgSpec>
<SpecVersion>18_0_8-180599</SpecVersion>
<Table>
<TableId>8</TableId>
<TableName>foto_pessoa</TableName>
<Description>foto_pessoa</Description></Table>
<ReorgCls>c</ReorgCls>
<ReorgCode>new</ReorgCode>
<ReorgMsg>foto_pessoa is new</ReorgMsg>
<ReorgAction>*</ReorgAction>
<TableAttributes>
<AttrisInTable>
<Attribute>
<AttriId>7</AttriId>
<AttriName>fp_id</AttriName>
<Description>fp_id</Description>
<TakesValueFrom></TakesValueFrom>
<OnPrimaryKey>Yes</OnPrimaryKey>
<AttriType>
<DataType>N</DataType>
<Presicion>10</Presicion>
<Scale>0</Scale>
<Properties>
<Property>
<Name>Autonumber</Name>
<Value>Yes</Value></Property>
<Property>
<Name>Autogenerate</Name>
<Value>No</Value></Property>
<Property>
<Name>AllowNulls</Name>
<Value>No</Value></Property></Properties></AttriType></Attribute>
<Attribute>
<AttriId>5</AttriId>
<AttriName>pes_id</AttriName>
<Description>pes_id</Description>
<TakesValueFrom></TakesValueFrom>
<AttriType>
<DataType>N</DataType>
<Presicion>10</Presicion>
<Scale>0</Scale>
<Properties>
<Property>
<Name>Autonumber</Name>
<Value>No</Value></Property>
<Property>
<Name>Autogenerate</Name>
<Value>No</Value></Property>
<Property>
<Name>AllowNulls</Name>
<Value>Yes</Value></Property></Properties></AttriType></Attribute>
<Attribute>
<AttriId>21</AttriId>
<AttriName>fp_data</AttriName>
<Description>fp_data</Description>
<TakesValueFrom></TakesValueFrom>
<AttriType>
<DataType>D</DataType>
<Presicion>8</Presicion>
<Scale>0</Scale>
<Properties>
<Property>
<Name>Autonumber</Name>
<Value>No</Value></Property>
<Property>
<Name>Autogenerate</Name>
<Value>No</Value></Property>
<Property>
<Name>AllowNulls</Name>
<Value>Yes</Value></Property></Properties></AttriType></Attribute>
<Attribute>
<AttriId>22</AttriId>
<AttriName>fp_bucket</AttriName>
<Description>fp_bucket</Description>
<TakesValueFrom></TakesValueFrom>
<AttriType>
<DataType>V</DataType>
<Presicion>50</Presicion>
<Scale>0</Scale>
<Properties>
<Property>
<Name>Autonumber</Name>
<Value>No</Value></Property>
<Property>
<Name>Autogenerate</Name>
<Value>No</Value></Property>
<Property>
<Name>AllowNulls</Name>
<Value>Yes</Value></Property>
<Property>
<Name>NLS</Name>
<Value>Yes</Value></Property></Properties></AttriType></Attribute>
<Attribute>
<AttriId>23</AttriId>
<AttriName>fp_hash</AttriName>
<Description>fp_hash</Description>
<TakesValueFrom></TakesValueFrom>
<AttriType>
<DataType>V</DataType>
<Presicion>50</Presicion>
<Scale>0</Scale>
<Properties>
<Property>
<Name>Autonumber</Name>
<Value>No</Value></Property>
<Property>
<Name>Autogenerate</Name>
<Value>No</Value></Property>
<Property>
<Name>AllowNulls</Name>
<Value>Yes</Value></Property>
<Property>
<Name>NLS</Name>
<Value>Yes</Value></Property></Properties></AttriType></Attribute>
<Attribute>
<AttriId>33</AttriId>
<AttriName>fp_foto</AttriName>
<Description>fp_foto</Description>
<TakesValueFrom></TakesValueFrom>
<AttriType>
<DataType>BF</DataType>
<Presicion>1024</Presicion>
<Scale>0</Scale>
<Properties>
<Property>
<Name>Autonumber</Name>
<Value>No</Value></Property>
<Property>
<Name>Autogenerate</Name>
<Value>No</Value></Property>
<Property>
<Name>AllowNulls</Name>
<Value>Yes</Value></Property></Properties></AttriType></Attribute>
<Attribute>
<AttriId>40000</AttriId>
<AttriName>fp_foto_GXI</AttriName>
<Description>fp_foto_GXI</Description>
<TakesValueFrom></TakesValueFrom>
<AttriType>
<DataType>V</DataType>
<Presicion>2048</Presicion>
<Scale>0</Scale>
<Properties>
<Property>
<Name>Autonumber</Name>
<Value>No</Value></Property>
<Property>
<Name>Autogenerate</Name>
<Value>No</Value></Property>
<Property>
<Name>AllowNulls</Name>
<Value>Yes</Value></Property></Properties></AttriType></Attribute></AttrisInTable>
<AttrisNoLongerInTable></AttrisNoLongerInTable>
<AttrisInManyTables></AttrisInManyTables></TableAttributes>
<TableIndices>
<Indices>
<Index>
<IndexName>IFOTO_PESSOA</IndexName>
<IndexType>u</IndexType>
<IndexAttris>
<Attribute>
<AttriId>7</AttriId>
<AttriName>fp_id</AttriName>
<Description>fp_id</Description></Attribute></IndexAttris>
<IndexExistance>AlreadyExist</IndexExistance>
<Clustered>No</Clustered></Index>
<Index>
<IndexName>IFOTO_PESSOA1</IndexName>
<IndexType>d</IndexType>
<IndexAttris>
<Attribute>
<AttriId>5</AttriId>
<AttriName>pes_id</AttriName>
<Description>pes_id</Description></Attribute></IndexAttris>
<IndexExistance>AlreadyExist</IndexExistance>
<Clustered>No</Clustered></Index></Indices></TableIndices>
<FKConstraints>
<FKConstraint>
<ChangeType>none</ChangeType>
<Table>
<TableId>6</TableId>
<TableName>pessoa</TableName>
<Description>cadastro pessoa</Description></Table>
<Attributes>
<Attribute>
<AttriId>5</AttriId>
<AttriName>pes_id</AttriName>
<Description>pes_id</Description></Attribute></Attributes></FKConstraint></FKConstraints>
<Statements>
<Statement>CREATE SEQUENCE fp_id MINVALUE 1 INCREMENT 1</Statement>
<Statement>CREATE TABLE foto_pessoa (fp_id bigint NOT NULL DEFAULT nextval('fp_id'), pes_id bigint , fp_data date , fp_bucket VARCHAR(50) , fp_hash VARCHAR(50) , fp_foto BYTEA , fp_foto_GXI VARCHAR(2048) , PRIMARY KEY(fp_id)) </Statement>
<Statement>CREATE INDEX IFOTO_PESSOA1 ON foto_pessoa (pes_id )</Statement>
<Statement>ALTER TABLE foto_pessoa ADD CONSTRAINT IFOTO_PESSOA1 FOREIGN KEY (pes_id) REFERENCES pessoa (pes_id)</Statement></Statements>
<NeedReorganizationProgram>False</NeedReorganizationProgram>
<Warnings></Warnings>
<Errors></Errors></ReorgSpec>