
<ReorgSpec>
<SpecVersion>18_0_8-180599</SpecVersion>
<Table>
<TableId>7</TableId>
<TableName>lotacao</TableName>
<Description>lotacao</Description></Table>
<ReorgCls>c</ReorgCls>
<ReorgCode>new</ReorgCode>
<ReorgMsg>lotacao is new</ReorgMsg>
<ReorgAction>*</ReorgAction>
<TableAttributes>
<AttrisInTable>
<Attribute>
<AttriId>6</AttriId>
<AttriName>lot_id</AttriName>
<Description>lot_id</Description>
<TakesValueFrom></TakesValueFrom>
<OnPrimaryKey>Yes</OnPrimaryKey>
<AttriType>
<DataType>N</DataType>
<Presicion>10</Presicion>
<Scale>0</Scale>
<Properties>
<Property>
<Name>Autonumber</Name>
<Value>Yes</Value></Property>
<Property>
<Name>Autogenerate</Name>
<Value>No</Value></Property>
<Property>
<Name>AllowNulls</Name>
<Value>No</Value></Property></Properties></AttriType></Attribute>
<Attribute>
<AttriId>5</AttriId>
<AttriName>pes_id</AttriName>
<Description>pes_id</Description>
<TakesValueFrom></TakesValueFrom>
<AttriType>
<DataType>N</DataType>
<Presicion>10</Presicion>
<Scale>0</Scale>
<Properties>
<Property>
<Name>Autonumber</Name>
<Value>No</Value></Property>
<Property>
<Name>Autogenerate</Name>
<Value>No</Value></Property>
<Property>
<Name>AllowNulls</Name>
<Value>No</Value></Property></Properties></AttriType></Attribute>
<Attribute>
<AttriId>1</AttriId>
<AttriName>unid_id</AttriName>
<Description>unid_id</Description>
<TakesValueFrom></TakesValueFrom>
<AttriType>
<DataType>N</DataType>
<Presicion>10</Presicion>
<Scale>0</Scale>
<Properties>
<Property>
<Name>Autonumber</Name>
<Value>No</Value></Property>
<Property>
<Name>Autogenerate</Name>
<Value>No</Value></Property>
<Property>
<Name>AllowNulls</Name>
<Value>No</Value></Property></Properties></AttriType></Attribute>
<Attribute>
<AttriId>18</AttriId>
<AttriName>lot_data_lotacao</AttriName>
<Description>lot_data_lotacao</Description>
<TakesValueFrom></TakesValueFrom>
<AttriType>
<DataType>D</DataType>
<Presicion>8</Presicion>
<Scale>0</Scale>
<Properties>
<Property>
<Name>Autonumber</Name>
<Value>No</Value></Property>
<Property>
<Name>Autogenerate</Name>
<Value>No</Value></Property>
<Property>
<Name>AllowNulls</Name>
<Value>Yes</Value></Property></Properties></AttriType></Attribute>
<Attribute>
<AttriId>19</AttriId>
<AttriName>lot_data_remocao</AttriName>
<Description>lot_data_remocao</Description>
<TakesValueFrom></TakesValueFrom>
<AttriType>
<DataType>D</DataType>
<Presicion>8</Presicion>
<Scale>0</Scale>
<Properties>
<Property>
<Name>Autonumber</Name>
<Value>No</Value></Property>
<Property>
<Name>Autogenerate</Name>
<Value>No</Value></Property>
<Property>
<Name>AllowNulls</Name>
<Value>Yes</Value></Property></Properties></AttriType></Attribute>
<Attribute>
<AttriId>20</AttriId>
<AttriName>lot_portaria</AttriName>
<Description>lot_portaria</Description>
<TakesValueFrom></TakesValueFrom>
<AttriType>
<DataType>V</DataType>
<Presicion>100</Presicion>
<Scale>0</Scale>
<Properties>
<Property>
<Name>Autonumber</Name>
<Value>No</Value></Property>
<Property>
<Name>Autogenerate</Name>
<Value>No</Value></Property>
<Property>
<Name>AllowNulls</Name>
<Value>Yes</Value></Property>
<Property>
<Name>NLS</Name>
<Value>Yes</Value></Property></Properties></AttriType></Attribute></AttrisInTable>
<AttrisNoLongerInTable></AttrisNoLongerInTable>
<AttrisInManyTables></AttrisInManyTables></TableAttributes>
<TableIndices>
<Indices>
<Index>
<IndexName>ILOTACAO</IndexName>
<IndexType>u</IndexType>
<IndexAttris>
<Attribute>
<AttriId>6</AttriId>
<AttriName>lot_id</AttriName>
<Description>lot_id</Description></Attribute></IndexAttris>
<IndexExistance>AlreadyExist</IndexExistance>
<Clustered>No</Clustered></Index>
<Index>
<IndexName>ILOTACAO1</IndexName>
<IndexType>d</IndexType>
<IndexAttris>
<Attribute>
<AttriId>1</AttriId>
<AttriName>unid_id</AttriName>
<Description>unid_id</Description></Attribute></IndexAttris>
<IndexExistance>AlreadyExist</IndexExistance>
<Clustered>No</Clustered></Index>
<Index>
<IndexName>ILOTACAO2</IndexName>
<IndexType>d</IndexType>
<IndexAttris>
<Attribute>
<AttriId>5</AttriId>
<AttriName>pes_id</AttriName>
<Description>pes_id</Description></Attribute></IndexAttris>
<IndexExistance>AlreadyExist</IndexExistance>
<Clustered>No</Clustered></Index></Indices></TableIndices>
<FKConstraints>
<FKConstraint>
<ChangeType>none</ChangeType>
<Table>
<TableId>2</TableId>
<TableName>unidade</TableName>
<Description>unidade</Description></Table>
<Attributes>
<Attribute>
<AttriId>1</AttriId>
<AttriName>unid_id</AttriName>
<Description>unid_id</Description></Attribute></Attributes></FKConstraint>
<FKConstraint>
<ChangeType>none</ChangeType>
<Table>
<TableId>6</TableId>
<TableName>pessoa</TableName>
<Description>cadastro pessoa</Description></Table>
<Attributes>
<Attribute>
<AttriId>5</AttriId>
<AttriName>pes_id</AttriName>
<Description>pes_id</Description></Attribute></Attributes></FKConstraint></FKConstraints>
<Statements>
<Statement>CREATE SEQUENCE lot_id MINVALUE 1 INCREMENT 1</Statement>
<Statement>CREATE TABLE lotacao (lot_id bigint NOT NULL DEFAULT nextval('lot_id'), pes_id bigint NOT NULL , unid_id bigint NOT NULL , lot_data_lotacao date , lot_data_remocao date , lot_portaria VARCHAR(100) , PRIMARY KEY(lot_id)) </Statement>
<Statement>CREATE INDEX ILOTACAO1 ON lotacao (unid_id )</Statement>
<Statement>CREATE INDEX ILOTACAO2 ON lotacao (pes_id )</Statement>
<Statement>ALTER TABLE lotacao ADD CONSTRAINT ILOTACAO2 FOREIGN KEY (pes_id) REFERENCES pessoa (pes_id)</Statement>
<Statement>ALTER TABLE lotacao ADD CONSTRAINT ILOTACAO1 FOREIGN KEY (unid_id) REFERENCES unidade (unid_id)</Statement></Statements>
<NeedReorganizationProgram>False</NeedReorganizationProgram>
<Warnings></Warnings>
<Errors></Errors></ReorgSpec>