
<ReorgSpec>
<SpecVersion>18_0_8-180599</SpecVersion>
<Table>
<TableId>5</TableId>
<TableName>pessoa_endereco</TableName>
<Description>pessoa_endereco</Description></Table>
<ReorgCls>c</ReorgCls>
<ReorgCode>new</ReorgCode>
<ReorgMsg>pessoa_endereco is new</ReorgMsg>
<ReorgAction>*</ReorgAction>
<TableAttributes>
<AttrisInTable>
<Attribute>
<AttriId>5</AttriId>
<AttriName>pes_id</AttriName>
<Description>pes_id</Description>
<TakesValueFrom></TakesValueFrom>
<OnPrimaryKey>Yes</OnPrimaryKey>
<AttriType>
<DataType>N</DataType>
<Presicion>10</Presicion>
<Scale>0</Scale>
<Properties>
<Property>
<Name>Autonumber</Name>
<Value>No</Value></Property>
<Property>
<Name>Autogenerate</Name>
<Value>No</Value></Property>
<Property>
<Name>AllowNulls</Name>
<Value>No</Value></Property></Properties></AttriType></Attribute>
<Attribute>
<AttriId>2</AttriId>
<AttriName>end_id</AttriName>
<Description>end_id</Description>
<TakesValueFrom></TakesValueFrom>
<OnPrimaryKey>Yes</OnPrimaryKey>
<AttriType>
<DataType>N</DataType>
<Presicion>10</Presicion>
<Scale>0</Scale>
<Properties>
<Property>
<Name>Autonumber</Name>
<Value>No</Value></Property>
<Property>
<Name>Autogenerate</Name>
<Value>No</Value></Property>
<Property>
<Name>AllowNulls</Name>
<Value>No</Value></Property></Properties></AttriType></Attribute></AttrisInTable>
<AttrisNoLongerInTable></AttrisNoLongerInTable>
<AttrisInManyTables></AttrisInManyTables></TableAttributes>
<TableIndices>
<Indices>
<Index>
<IndexName>IPESSOA_ENDERECO</IndexName>
<IndexType>u</IndexType>
<IndexAttris>
<Attribute>
<AttriId>5</AttriId>
<AttriName>pes_id</AttriName>
<Description>pes_id</Description></Attribute>
<Attribute>
<AttriId>2</AttriId>
<AttriName>end_id</AttriName>
<Description>end_id</Description></Attribute></IndexAttris>
<IndexExistance>AlreadyExist</IndexExistance>
<Clustered>No</Clustered></Index>
<Index>
<IndexName>IPESSOA_ENDERECO1</IndexName>
<IndexType>d</IndexType>
<IndexAttris>
<Attribute>
<AttriId>2</AttriId>
<AttriName>end_id</AttriName>
<Description>end_id</Description></Attribute></IndexAttris>
<IndexExistance>AlreadyExist</IndexExistance>
<Clustered>No</Clustered></Index></Indices></TableIndices>
<FKConstraints>
<FKConstraint>
<ChangeType>none</ChangeType>
<Table>
<TableId>9</TableId>
<TableName>endereco</TableName>
<Description>endereco</Description></Table>
<Attributes>
<Attribute>
<AttriId>2</AttriId>
<AttriName>end_id</AttriName>
<Description>end_id</Description></Attribute></Attributes></FKConstraint>
<FKConstraint>
<ChangeType>none</ChangeType>
<Table>
<TableId>6</TableId>
<TableName>pessoa</TableName>
<Description>cadastro pessoa</Description></Table>
<Attributes>
<Attribute>
<AttriId>5</AttriId>
<AttriName>pes_id</AttriName>
<Description>pes_id</Description></Attribute></Attributes></FKConstraint></FKConstraints>
<Statements>
<Statement>CREATE TABLE pessoa_endereco (pes_id bigint NOT NULL , end_id bigint NOT NULL , PRIMARY KEY(pes_id, end_id)) </Statement>
<Statement>CREATE INDEX IPESSOA_ENDERECO1 ON pessoa_endereco (end_id )</Statement>
<Statement>ALTER TABLE pessoa_endereco ADD CONSTRAINT IPESSOA_ENDERECO2 FOREIGN KEY (pes_id) REFERENCES pessoa (pes_id)</Statement>
<Statement>ALTER TABLE pessoa_endereco ADD CONSTRAINT IPESSOA_ENDERECO1 FOREIGN KEY (end_id) REFERENCES endereco (end_id)</Statement></Statements>
<NeedReorganizationProgram>False</NeedReorganizationProgram>
<Warnings></Warnings>
<Errors></Errors></ReorgSpec>