
<ReorgSpec>
<SpecVersion>18_0_8-180599</SpecVersion>
<Table>
<TableId>12</TableId>
<TableName>servidor_temporario</TableName>
<Description>servidor_temporario</Description></Table>
<ReorgCls>c</ReorgCls>
<ReorgCode>new</ReorgCode>
<ReorgMsg>servidor_temporario is new</ReorgMsg>
<ReorgAction>*</ReorgAction>
<TableAttributes>
<AttrisInTable>
<Attribute>
<AttriId>3</AttriId>
<AttriName>st_pes_id</AttriName>
<Description>st_pes_id</Description>
<TakesValueFrom></TakesValueFrom>
<OnPrimaryKey>Yes</OnPrimaryKey>
<AttriType>
<DataType>N</DataType>
<Presicion>10</Presicion>
<Scale>0</Scale>
<Properties>
<Property>
<Name>Autonumber</Name>
<Value>No</Value></Property>
<Property>
<Name>Autogenerate</Name>
<Value>No</Value></Property>
<Property>
<Name>AllowNulls</Name>
<Value>No</Value></Property></Properties></AttriType></Attribute>
<Attribute>
<AttriId>11</AttriId>
<AttriName>st_data_admissao</AttriName>
<Description>st_data_admissao</Description>
<TakesValueFrom></TakesValueFrom>
<AttriType>
<DataType>D</DataType>
<Presicion>8</Presicion>
<Scale>0</Scale>
<Properties>
<Property>
<Name>Autonumber</Name>
<Value>No</Value></Property>
<Property>
<Name>Autogenerate</Name>
<Value>No</Value></Property>
<Property>
<Name>AllowNulls</Name>
<Value>Yes</Value></Property></Properties></AttriType></Attribute>
<Attribute>
<AttriId>12</AttriId>
<AttriName>st_data_demissao</AttriName>
<Description>st_data_demissao</Description>
<TakesValueFrom></TakesValueFrom>
<AttriType>
<DataType>D</DataType>
<Presicion>8</Presicion>
<Scale>0</Scale>
<Properties>
<Property>
<Name>Autonumber</Name>
<Value>No</Value></Property>
<Property>
<Name>Autogenerate</Name>
<Value>No</Value></Property>
<Property>
<Name>AllowNulls</Name>
<Value>Yes</Value></Property></Properties></AttriType></Attribute></AttrisInTable>
<AttrisNoLongerInTable></AttrisNoLongerInTable>
<AttrisInManyTables></AttrisInManyTables></TableAttributes>
<TableIndices>
<Indices>
<Index>
<IndexName>ISERVIDOR_TEMPORARIO</IndexName>
<IndexType>u</IndexType>
<IndexAttris>
<Attribute>
<AttriId>3</AttriId>
<AttriName>st_pes_id</AttriName>
<Description>st_pes_id</Description></Attribute></IndexAttris>
<IndexExistance>AlreadyExist</IndexExistance>
<Clustered>No</Clustered></Index></Indices></TableIndices>
<FKConstraints>
<FKConstraint>
<ChangeType>none</ChangeType>
<Table>
<TableId>6</TableId>
<TableName>pessoa</TableName>
<Description>cadastro pessoa</Description></Table>
<Attributes>
<Attribute>
<AttriId>3</AttriId>
<AttriName>st_pes_id</AttriName>
<Description>st_pes_id</Description></Attribute></Attributes></FKConstraint></FKConstraints>
<Statements>
<Statement>CREATE TABLE servidor_temporario (st_pes_id bigint NOT NULL , st_data_admissao date , st_data_demissao date , PRIMARY KEY(st_pes_id)) </Statement>
<Statement>ALTER TABLE servidor_temporario ADD CONSTRAINT ISERVIDOR_TEMPORARIO FOREIGN KEY (st_pes_id) REFERENCES pessoa (pes_id)</Statement></Statements>
<NeedReorganizationProgram>False</NeedReorganizationProgram>
<Warnings></Warnings>
<Errors></Errors></ReorgSpec>