
<ReorgSpec>
<SpecVersion>18_0_8-180599</SpecVersion>
<Table>
<TableId>4</TableId>
<TableName>servidor_efetivo</TableName>
<Description>servidor_efetivo</Description></Table>
<ReorgCls>c</ReorgCls>
<ReorgCode>new</ReorgCode>
<ReorgMsg>servidor_efetivo is new</ReorgMsg>
<ReorgAction>*</ReorgAction>
<TableAttributes>
<AttrisInTable>
<Attribute>
<AttriId>4</AttriId>
<AttriName>se_pes_id</AttriName>
<Description>se_pes_id</Description>
<TakesValueFrom></TakesValueFrom>
<OnPrimaryKey>Yes</OnPrimaryKey>
<AttriType>
<DataType>N</DataType>
<Presicion>10</Presicion>
<Scale>0</Scale>
<Properties>
<Property>
<Name>Autonumber</Name>
<Value>No</Value></Property>
<Property>
<Name>Autogenerate</Name>
<Value>No</Value></Property>
<Property>
<Name>AllowNulls</Name>
<Value>No</Value></Property></Properties></AttriType></Attribute>
<Attribute>
<AttriId>13</AttriId>
<AttriName>se_matricula</AttriName>
<Description>se_matricula</Description>
<TakesValueFrom></TakesValueFrom>
<AttriType>
<DataType>V</DataType>
<Presicion>20</Presicion>
<Scale>0</Scale>
<Properties>
<Property>
<Name>Autonumber</Name>
<Value>No</Value></Property>
<Property>
<Name>Autogenerate</Name>
<Value>No</Value></Property>
<Property>
<Name>AllowNulls</Name>
<Value>No</Value></Property>
<Property>
<Name>NLS</Name>
<Value>Yes</Value></Property></Properties></AttriType></Attribute></AttrisInTable>
<AttrisNoLongerInTable></AttrisNoLongerInTable>
<AttrisInManyTables></AttrisInManyTables></TableAttributes>
<TableIndices>
<Indices>
<Index>
<IndexName>ISERVIDOR_EFETIVO</IndexName>
<IndexType>u</IndexType>
<IndexAttris>
<Attribute>
<AttriId>4</AttriId>
<AttriName>se_pes_id</AttriName>
<Description>se_pes_id</Description></Attribute></IndexAttris>
<IndexExistance>AlreadyExist</IndexExistance>
<Clustered>No</Clustered></Index></Indices></TableIndices>
<FKConstraints>
<FKConstraint>
<ChangeType>none</ChangeType>
<Table>
<TableId>6</TableId>
<TableName>pessoa</TableName>
<Description>cadastro pessoa</Description></Table>
<Attributes>
<Attribute>
<AttriId>4</AttriId>
<AttriName>se_pes_id</AttriName>
<Description>se_pes_id</Description></Attribute></Attributes></FKConstraint></FKConstraints>
<Statements>
<Statement>CREATE TABLE servidor_efetivo (se_pes_id bigint NOT NULL , se_matricula VARCHAR(20) NOT NULL , PRIMARY KEY(se_pes_id)) </Statement>
<Statement>ALTER TABLE servidor_efetivo ADD CONSTRAINT ISERVIDOR_EFETIVO FOREIGN KEY (se_pes_id) REFERENCES pessoa (pes_id)</Statement></Statements>
<NeedReorganizationProgram>False</NeedReorganizationProgram>
<Warnings></Warnings>
<Errors></Errors></ReorgSpec>