
<ReorgSpec>
<SpecVersion>18_0_8-180599</SpecVersion>
<Table>
<TableId>1</TableId>
<TableName>unidade_endereco</TableName>
<Description>unidade_endereco</Description></Table>
<ReorgCls>c</ReorgCls>
<ReorgCode>new</ReorgCode>
<ReorgMsg>unidade_endereco is new</ReorgMsg>
<ReorgAction>*</ReorgAction>
<TableAttributes>
<AttrisInTable>
<Attribute>
<AttriId>1</AttriId>
<AttriName>unid_id</AttriName>
<Description>unid_id</Description>
<TakesValueFrom></TakesValueFrom>
<OnPrimaryKey>Yes</OnPrimaryKey>
<AttriType>
<DataType>N</DataType>
<Presicion>10</Presicion>
<Scale>0</Scale>
<Properties>
<Property>
<Name>Autonumber</Name>
<Value>No</Value></Property>
<Property>
<Name>Autogenerate</Name>
<Value>No</Value></Property>
<Property>
<Name>AllowNulls</Name>
<Value>No</Value></Property></Properties></AttriType></Attribute>
<Attribute>
<AttriId>2</AttriId>
<AttriName>end_id</AttriName>
<Description>end_id</Description>
<TakesValueFrom></TakesValueFrom>
<OnPrimaryKey>Yes</OnPrimaryKey>
<AttriType>
<DataType>N</DataType>
<Presicion>10</Presicion>
<Scale>0</Scale>
<Properties>
<Property>
<Name>Autonumber</Name>
<Value>No</Value></Property>
<Property>
<Name>Autogenerate</Name>
<Value>No</Value></Property>
<Property>
<Name>AllowNulls</Name>
<Value>No</Value></Property></Properties></AttriType></Attribute></AttrisInTable>
<AttrisNoLongerInTable></AttrisNoLongerInTable>
<AttrisInManyTables></AttrisInManyTables></TableAttributes>
<TableIndices>
<Indices>
<Index>
<IndexName>IUNIDADE_ENDERECO</IndexName>
<IndexType>u</IndexType>
<IndexAttris>
<Attribute>
<AttriId>1</AttriId>
<AttriName>unid_id</AttriName>
<Description>unid_id</Description></Attribute>
<Attribute>
<AttriId>2</AttriId>
<AttriName>end_id</AttriName>
<Description>end_id</Description></Attribute></IndexAttris>
<IndexExistance>AlreadyExist</IndexExistance>
<Clustered>No</Clustered></Index>
<Index>
<IndexName>IUNIDADE_ENDERECO1</IndexName>
<IndexType>d</IndexType>
<IndexAttris>
<Attribute>
<AttriId>2</AttriId>
<AttriName>end_id</AttriName>
<Description>end_id</Description></Attribute></IndexAttris>
<IndexExistance>AlreadyExist</IndexExistance>
<Clustered>No</Clustered></Index></Indices></TableIndices>
<FKConstraints>
<FKConstraint>
<ChangeType>none</ChangeType>
<Table>
<TableId>9</TableId>
<TableName>endereco</TableName>
<Description>endereco</Description></Table>
<Attributes>
<Attribute>
<AttriId>2</AttriId>
<AttriName>end_id</AttriName>
<Description>end_id</Description></Attribute></Attributes></FKConstraint>
<FKConstraint>
<ChangeType>none</ChangeType>
<Table>
<TableId>2</TableId>
<TableName>unidade</TableName>
<Description>unidade</Description></Table>
<Attributes>
<Attribute>
<AttriId>1</AttriId>
<AttriName>unid_id</AttriName>
<Description>unid_id</Description></Attribute></Attributes></FKConstraint></FKConstraints>
<Statements>
<Statement>CREATE TABLE unidade_endereco (unid_id bigint NOT NULL , end_id bigint NOT NULL , PRIMARY KEY(unid_id, end_id)) </Statement>
<Statement>CREATE INDEX IUNIDADE_ENDERECO1 ON unidade_endereco (end_id )</Statement>
<Statement>ALTER TABLE unidade_endereco ADD CONSTRAINT IUNIDADE_ENDERECO2 FOREIGN KEY (unid_id) REFERENCES unidade (unid_id)</Statement>
<Statement>ALTER TABLE unidade_endereco ADD CONSTRAINT IUNIDADE_ENDERECO1 FOREIGN KEY (end_id) REFERENCES endereco (end_id)</Statement></Statements>
<NeedReorganizationProgram>False</NeedReorganizationProgram>
<Warnings></Warnings>
<Errors></Errors></ReorgSpec>