
<ReorgSpec>
<SpecVersion>18_0_8-180599</SpecVersion>
<Table>
<TableId>2</TableId>
<TableName>unidade</TableName>
<Description>unidade</Description></Table>
<ReorgCls>c</ReorgCls>
<ReorgCode>new</ReorgCode>
<ReorgMsg>unidade is new</ReorgMsg>
<ReorgAction>*</ReorgAction>
<TableAttributes>
<AttrisInTable>
<Attribute>
<AttriId>1</AttriId>
<AttriName>unid_id</AttriName>
<Description>unid_id</Description>
<TakesValueFrom></TakesValueFrom>
<OnPrimaryKey>Yes</OnPrimaryKey>
<AttriType>
<DataType>N</DataType>
<Presicion>10</Presicion>
<Scale>0</Scale>
<Properties>
<Property>
<Name>Autonumber</Name>
<Value>Yes</Value></Property>
<Property>
<Name>Autogenerate</Name>
<Value>No</Value></Property>
<Property>
<Name>AllowNulls</Name>
<Value>No</Value></Property></Properties></AttriType></Attribute>
<Attribute>
<AttriId>9</AttriId>
<AttriName>unid_nome</AttriName>
<Description>unid_nome</Description>
<TakesValueFrom></TakesValueFrom>
<AttriType>
<DataType>V</DataType>
<Presicion>200</Presicion>
<Scale>0</Scale>
<Properties>
<Property>
<Name>Autonumber</Name>
<Value>No</Value></Property>
<Property>
<Name>Autogenerate</Name>
<Value>No</Value></Property>
<Property>
<Name>AllowNulls</Name>
<Value>Yes</Value></Property>
<Property>
<Name>NLS</Name>
<Value>Yes</Value></Property></Properties></AttriType></Attribute>
<Attribute>
<AttriId>10</AttriId>
<AttriName>unid_sigla</AttriName>
<Description>unid_sigla</Description>
<TakesValueFrom></TakesValueFrom>
<AttriType>
<DataType>V</DataType>
<Presicion>20</Presicion>
<Scale>0</Scale>
<Properties>
<Property>
<Name>Autonumber</Name>
<Value>No</Value></Property>
<Property>
<Name>Autogenerate</Name>
<Value>No</Value></Property>
<Property>
<Name>AllowNulls</Name>
<Value>Yes</Value></Property>
<Property>
<Name>NLS</Name>
<Value>Yes</Value></Property></Properties></AttriType></Attribute></AttrisInTable>
<AttrisNoLongerInTable></AttrisNoLongerInTable>
<AttrisInManyTables></AttrisInManyTables></TableAttributes>
<TableIndices>
<Indices>
<Index>
<IndexName>IUNIDADE</IndexName>
<IndexType>u</IndexType>
<IndexAttris>
<Attribute>
<AttriId>1</AttriId>
<AttriName>unid_id</AttriName>
<Description>unid_id</Description></Attribute></IndexAttris>
<IndexExistance>AlreadyExist</IndexExistance>
<Clustered>No</Clustered></Index></Indices></TableIndices>
<FKConstraints></FKConstraints>
<Statements>
<Statement>CREATE SEQUENCE unid_id MINVALUE 1 INCREMENT 1</Statement>
<Statement>CREATE TABLE unidade (unid_id bigint NOT NULL DEFAULT nextval('unid_id'), unid_nome VARCHAR(200) , unid_sigla VARCHAR(20) , PRIMARY KEY(unid_id)) </Statement></Statements>
<NeedReorganizationProgram>False</NeedReorganizationProgram>
<Warnings></Warnings>
<Errors></Errors></ReorgSpec>