<?xml version="1.0"?>
<Content xmlns:xsi="http://www.w3.org/2001/XMLSchema-instance" xmlns:xsd="http://www.w3.org/2001/XMLSchema">
	<Object id="GeneXusUnanimo.TreeviewAngular">
		<Group>
			<Name>General</Name>
			<Type>Main</Type>
			<Children>
				<Prop>
					<Id>ToggleCheckboxes</Id>
					<Name>ToggleCheckboxes</Name>
					<Type>Boolean</Type>
					<Default></Default>
					<Values></Values>
				</Prop>
				<Prop>
					<Id>SingleSelection</Id>
					<Name>SingleSelection</Name>
					<Type>Boolean</Type>
					<Default>false</Default>
					<Values></Values>
				</Prop>
				<Prop>
					<Id>TreeviewItems</Id>
					<Name>TreeviewItems</Name>
					<Type>Custom</Type>
					<Default></Default>
					<Values></Values>
					<CustomType>Artech.Genexus.Common.CustomTypes.ControlAttVarReference, Artech.Genexus.Common</CustomType>
					<Metadata>
						<Value name="FlagScope">Designtime</Value>
						<Value name="FlagSetValueMethod">setTreeviewItems</Value>
						<Value name="FlagGetValueMethod">getTreeviewItems</Value>
						<Value name="FlagHideAttributes">True</Value>
						<Value name="FlagDataTypeFilter"></Value>
					</Metadata>
				</Prop>
				<Prop>
					<Id>TreeviewItemsCurrentIndex</Id>
					<Name>TreeviewItemsCurrentIndex</Name>
					<Type>Integer</Type>
					<Default></Default>
					<Values></Values>
				</Prop>
				<Prop>
					<Id>SelectedItemId</Id>
					<Name>SelectedItemId</Name>
					<Type>Text</Type>
					<Default></Default>
					<Values></Values>
				</Prop>
				<Prop>
					<Id>SelectedItemTarget</Id>
					<Name>SelectedItemTarget</Name>
					<Type>Text</Type>
					<Default></Default>
					<Values></Values>
				</Prop>
			</Children>
		</Group>
	</Object>
</Content>