<?xml version="1.0"?>
<Content xmlns:xsi="http://www.w3.org/2001/XMLSchema-instance" xmlns:xsd="http://www.w3.org/2001/XMLSchema">
	<Object id="GeneXusUnanimo.Switch">
		<Group>
			<Name>General</Name>
			<Type>Main</Type>
			<Children>
				<Prop>
					<Id>Enabled</Id>
					<Name>Enabled</Name>
					<Type>Boolean</Type>
					<Default>True</Default>
					<Values></Values>
				</Prop>
				<Prop>
					<Id>AttID</Id>
					<Name>Attribute</Name>
					<Type>Custom</Type>
					<Default></Default>
					<Values></Values>
					<CustomType>Artech.Genexus.Common.CustomTypes.ControlAttVarReference, Artech.Genexus.Common</CustomType>
					<Metadata>
						<Value name="FlagScope">Designtime</Value>
						<Value name="FlagSetValueMethod">setAttribute</Value>
						<Value name="FlagGetValueMethod">getAttribute</Value>
						<Value name="FlagHideAttributes">True</Value>
						<Value name="FlagDataTypeFilter">boolean</Value>
					</Metadata>
				</Prop>
			</Children>
		</Group>
	</Object>
</Content>