{"BasePath":"apienderecofuncional","Description":"apienderecofuncional","EntryPointMethods":[{"CamelName":"MetodoConsultarEnderecoFuncional","Description":"MetodoConsultarEnderecoFuncional","GrpcName":"MetodoConsultarEnderecoFuncional","HasGAM":false,"Id":"","ModelDescription":"Método para consultar endereco funcional servidor efetivo.","Name":"MetodoConsultarEnderecoFuncional","Parameters":[{"Alias":"pesnome","CollectionItemName":null,"Decimals":0,"DefaultValue":null,"Description":null,"ExternalName":null,"FullName":null,"Inout":1,"IsBCSDT":false,"IsCollection":false,"IsFilterAtt":false,"IsKey":false,"IsNullable":false,"IsPathParameter":false,"IsReadOnly":false,"IsRequired":false,"IsWrapped":false,"JsonName":null,"Length":200,"Name":"pes_nome","SDTType":null,"Sign":0,"Type":13},{"Alias":"","CollectionItemName":null,"Decimals":0,"DefaultValue":null,"Description":null,"ExternalName":null,"FullName":null,"Inout":1,"IsBCSDT":false,"IsCollection":false,"IsFilterAtt":false,"IsKey":false,"IsNullable":false,"IsPathParameter":false,"IsReadOnly":false,"IsRequired":false,"IsWrapped":false,"JsonName":null,"Length":4,"Name":"Pagina","SDTType":null,"Sign":0,"Type":4},{"Alias":"","CollectionItemName":null,"Decimals":0,"DefaultValue":null,"Description":null,"ExternalName":null,"FullName":null,"Inout":1,"IsBCSDT":false,"IsCollection":false,"IsFilterAtt":false,"IsKey":false,"IsNullable":false,"IsPathParameter":false,"IsReadOnly":false,"IsRequired":false,"IsWrapped":false,"JsonName":null,"Length":4,"Name":"QtdRegistro","SDTType":null,"Sign":0,"Type":4},{"Alias":"","CollectionItemName":null,"Decimals":0,"DefaultValue":null,"Description":"crud_endereco_funcional_get_sdt","ExternalName":null,"FullName":null,"Inout":2,"IsBCSDT":false,"IsCollection":true,"IsFilterAtt":false,"IsKey":false,"IsNullable":false,"IsPathParameter":false,"IsReadOnly":false,"IsRequired":false,"IsWrapped":true,"JsonName":"","Length":0,"Name":"crud_endereco_funcional_get_sdt","SDTType":"crud_endereco_funcional_get_sdt","Sign":0,"Type":0},{"Alias":"","CollectionItemName":"Message","Decimals":0,"DefaultValue":null,"Description":"Messages","ExternalName":null,"FullName":null,"Inout":2,"IsBCSDT":false,"IsCollection":true,"IsFilterAtt":false,"IsKey":false,"IsNullable":false,"IsPathParameter":false,"IsReadOnly":false,"IsRequired":false,"IsWrapped":true,"JsonName":"","Length":0,"Name":"Messages","SDTType":"GeneXus.Common.Messages","Sign":0,"Type":0}],"PathAttributes":"","SecurityModeAttribute":null,"SecurityPrefixAttributes":null,"UserDescription":"Método para consultar endereco funcional servidor efetivo.","VerbAttributes":"GET","ymlId":"","ymlPath":true,"ymlSkipPath":false}],"FullName":"apienderecofuncional","FullNameForInsert":null,"GrpcNameSpace":"projeto","HasGAM":false,"IsAPI":true,"IsBC":false,"IsDP":false,"IsGrpc":false,"IsSD":false,"IsSDT":false,"IsSvc":false,"Name":"apienderecofuncional","Parameters":null,"SDT":null,"SDTForInsert":null,"isOData":false,"isOpenAPI":true,"isOpenAiPlugin":false,"isUseEnvironmentPropertyValueOpenAPI":true,"openAPIVersion":"","openAiHumanDesc":"apienderecofuncional","openAiModelDesc":"apienderecofuncional"}