{"BasePath":"apiendereco","Description":"apiendereco","EntryPointMethods":[{"CamelName":"MetodoInserirEndereco","Description":"MetodoInserirEndereco","GrpcName":"MetodoInserirEndereco","HasGAM":false,"Id":"","ModelDescription":"Metodo para cadastar registro da endereco","Name":"MetodoInserirEndereco","Parameters":[{"Alias":"","CollectionItemName":null,"Decimals":0,"DefaultValue":null,"Description":"crud_endereco_post_sdt","ExternalName":null,"FullName":null,"Inout":1,"IsBCSDT":false,"IsCollection":false,"IsFilterAtt":false,"IsKey":false,"IsNullable":false,"IsPathParameter":false,"IsReadOnly":false,"IsRequired":false,"IsWrapped":true,"JsonName":"","Length":0,"Name":"crud_endereco_post_sdt","SDTType":"crud_endereco_post_sdt","Sign":0,"Type":0},{"Alias":"","CollectionItemName":"Message","Decimals":0,"DefaultValue":null,"Description":"Messages","ExternalName":null,"FullName":null,"Inout":2,"IsBCSDT":false,"IsCollection":true,"IsFilterAtt":false,"IsKey":false,"IsNullable":false,"IsPathParameter":false,"IsReadOnly":false,"IsRequired":false,"IsWrapped":true,"JsonName":"","Length":0,"Name":"Messages","SDTType":"GeneXus.Common.Messages","Sign":0,"Type":0}],"PathAttributes":"","SecurityModeAttribute":null,"SecurityPrefixAttributes":null,"UserDescription":"Metodo para cadastar registro da endereco","VerbAttributes":"POST","ymlId":"","ymlPath":true,"ymlSkipPath":false},{"CamelName":"MetodoConsultarEndereco","Description":"MetodoConsultarEndereco","GrpcName":"MetodoConsultarEndereco","HasGAM":false,"Id":"","ModelDescription":"Método para consultar endereco com registros paginados.","Name":"MetodoConsultarEndereco","Parameters":[{"Alias":"endid","CollectionItemName":null,"Decimals":0,"DefaultValue":null,"Description":null,"ExternalName":null,"FullName":null,"Inout":1,"IsBCSDT":false,"IsCollection":false,"IsFilterAtt":false,"IsKey":false,"IsNullable":false,"IsPathParameter":false,"IsReadOnly":false,"IsRequired":false,"IsWrapped":false,"JsonName":null,"Length":10,"Name":"end_id","SDTType":null,"Sign":0,"Type":4},{"Alias":"","CollectionItemName":null,"Decimals":0,"DefaultValue":null,"Description":null,"ExternalName":null,"FullName":null,"Inout":1,"IsBCSDT":false,"IsCollection":false,"IsFilterAtt":false,"IsKey":false,"IsNullable":false,"IsPathParameter":false,"IsReadOnly":false,"IsRequired":false,"IsWrapped":false,"JsonName":null,"Length":4,"Name":"Pagina","SDTType":null,"Sign":0,"Type":4},{"Alias":"","CollectionItemName":null,"Decimals":0,"DefaultValue":null,"Description":null,"ExternalName":null,"FullName":null,"Inout":1,"IsBCSDT":false,"IsCollection":false,"IsFilterAtt":false,"IsKey":false,"IsNullable":false,"IsPathParameter":false,"IsReadOnly":false,"IsRequired":false,"IsWrapped":false,"JsonName":null,"Length":4,"Name":"QtdRegistro","SDTType":null,"Sign":0,"Type":4},{"Alias":"","CollectionItemName":null,"Decimals":0,"DefaultValue":null,"Description":"crud_endereco_get_sdt","ExternalName":null,"FullName":null,"Inout":2,"IsBCSDT":false,"IsCollection":true,"IsFilterAtt":false,"IsKey":false,"IsNullable":false,"IsPathParameter":false,"IsReadOnly":false,"IsRequired":false,"IsWrapped":true,"JsonName":"","Length":0,"Name":"crud_endereco_get_sdt","SDTType":"crud_endereco_get_sdt","Sign":0,"Type":0},{"Alias":"","CollectionItemName":"Message","Decimals":0,"DefaultValue":null,"Description":"Messages","ExternalName":null,"FullName":null,"Inout":2,"IsBCSDT":false,"IsCollection":true,"IsFilterAtt":false,"IsKey":false,"IsNullable":false,"IsPathParameter":false,"IsReadOnly":false,"IsRequired":false,"IsWrapped":true,"JsonName":"","Length":0,"Name":"Messages","SDTType":"GeneXus.Common.Messages","Sign":0,"Type":0}],"PathAttributes":"","SecurityModeAttribute":null,"SecurityPrefixAttributes":null,"UserDescription":"Método para consultar endereco com registros paginados.","VerbAttributes":"GET","ymlId":"","ymlPath":false,"ymlSkipPath":true},{"CamelName":"MetodoAlterarEndereco","Description":"MetodoAlterarEndereco","GrpcName":"MetodoAlterarEndereco","HasGAM":false,"Id":"","ModelDescription":"Método para alterar registro da endereco","Name":"MetodoAlterarEndereco","Parameters":[{"Alias":"","CollectionItemName":null,"Decimals":0,"DefaultValue":null,"Description":"crud_endereco_put_sdt","ExternalName":null,"FullName":null,"Inout":1,"IsBCSDT":false,"IsCollection":false,"IsFilterAtt":false,"IsKey":false,"IsNullable":false,"IsPathParameter":false,"IsReadOnly":false,"IsRequired":false,"IsWrapped":true,"JsonName":"","Length":0,"Name":"crud_endereco_put_sdt","SDTType":"crud_endereco_put_sdt","Sign":0,"Type":0},{"Alias":"","CollectionItemName":"Message","Decimals":0,"DefaultValue":null,"Description":"Messages","ExternalName":null,"FullName":null,"Inout":2,"IsBCSDT":false,"IsCollection":true,"IsFilterAtt":false,"IsKey":false,"IsNullable":false,"IsPathParameter":false,"IsReadOnly":false,"IsRequired":false,"IsWrapped":true,"JsonName":"","Length":0,"Name":"Messages","SDTType":"GeneXus.Common.Messages","Sign":0,"Type":0}],"PathAttributes":"","SecurityModeAttribute":null,"SecurityPrefixAttributes":null,"UserDescription":"Método para alterar registro da endereco","VerbAttributes":"PUT","ymlId":"","ymlPath":false,"ymlSkipPath":true},{"CamelName":"MetodoExcluirEndereco","Description":"MetodoExcluirEndereco","GrpcName":"MetodoExcluirEndereco","HasGAM":false,"Id":"{&end_id}","ModelDescription":"Método para excluir registro da endereco","Name":"MetodoExcluirEndereco","Parameters":[{"Alias":"endid","CollectionItemName":null,"Decimals":0,"DefaultValue":null,"Description":null,"ExternalName":null,"FullName":null,"Inout":1,"IsBCSDT":false,"IsCollection":false,"IsFilterAtt":false,"IsKey":false,"IsNullable":false,"IsPathParameter":true,"IsReadOnly":false,"IsRequired":false,"IsWrapped":false,"JsonName":null,"Length":10,"Name":"end_id","SDTType":null,"Sign":0,"Type":4},{"Alias":"","CollectionItemName":"Message","Decimals":0,"DefaultValue":null,"Description":"Messages","ExternalName":null,"FullName":null,"Inout":2,"IsBCSDT":false,"IsCollection":true,"IsFilterAtt":false,"IsKey":false,"IsNullable":false,"IsPathParameter":false,"IsReadOnly":false,"IsRequired":false,"IsWrapped":true,"JsonName":"","Length":0,"Name":"Messages","SDTType":"GeneXus.Common.Messages","Sign":0,"Type":0}],"PathAttributes":"{&end_id}","SecurityModeAttribute":null,"SecurityPrefixAttributes":null,"UserDescription":"Método para excluir registro da endereco","VerbAttributes":"DELETE","ymlId":"{endid}","ymlPath":true,"ymlSkipPath":false}],"FullName":"apiendereco","FullNameForInsert":null,"GrpcNameSpace":"projeto","HasGAM":false,"IsAPI":true,"IsBC":false,"IsDP":false,"IsGrpc":false,"IsSD":false,"IsSDT":false,"IsSvc":false,"Name":"apiendereco","Parameters":null,"SDT":null,"SDTForInsert":null,"isOData":false,"isOpenAPI":true,"isOpenAiPlugin":false,"isUseEnvironmentPropertyValueOpenAPI":false,"openAPIVersion":"idOPENAPI30","openAiHumanDesc":"apiendereco","openAiModelDesc":"apiendereco"}