{"BasePath":"apilotacao","Description":"apilotacao","EntryPointMethods":[{"CamelName":"MetodoInserirLotacao","Description":"MetodoInserirLotacao","GrpcName":"MetodoInserirLotacao","HasGAM":false,"Id":"","ModelDescription":"Metodo para cadastar registro da unidade","Name":"MetodoInserirLotacao","Parameters":[{"Alias":"","CollectionItemName":null,"Decimals":0,"DefaultValue":null,"Description":"crud_lotacao_post_sdt","ExternalName":null,"FullName":null,"Inout":1,"IsBCSDT":false,"IsCollection":false,"IsFilterAtt":false,"IsKey":false,"IsNullable":false,"IsPathParameter":false,"IsReadOnly":false,"IsRequired":false,"IsWrapped":true,"JsonName":"","Length":0,"Name":"crud_lotacao_post_sdt","SDTType":"crud_lotacao_post_sdt","Sign":0,"Type":0},{"Alias":"","CollectionItemName":"Message","Decimals":0,"DefaultValue":null,"Description":"Messages","ExternalName":null,"FullName":null,"Inout":2,"IsBCSDT":false,"IsCollection":true,"IsFilterAtt":false,"IsKey":false,"IsNullable":false,"IsPathParameter":false,"IsReadOnly":false,"IsRequired":false,"IsWrapped":true,"JsonName":"","Length":0,"Name":"Messages","SDTType":"GeneXus.Common.Messages","Sign":0,"Type":0}],"PathAttributes":"","SecurityModeAttribute":null,"SecurityPrefixAttributes":null,"UserDescription":"Metodo para cadastar registro da unidade","VerbAttributes":"POST","ymlId":"","ymlPath":true,"ymlSkipPath":false},{"CamelName":"MetodoConsultarLotacao","Description":"MetodoConsultarLotacao","GrpcName":"MetodoConsultarLotacao","HasGAM":false,"Id":"","ModelDescription":"Método para consultar unidade com registros paginados.","Name":"MetodoConsultarLotacao","Parameters":[{"Alias":"lotid","CollectionItemName":null,"Decimals":0,"DefaultValue":null,"Description":null,"ExternalName":null,"FullName":null,"Inout":1,"IsBCSDT":false,"IsCollection":false,"IsFilterAtt":false,"IsKey":false,"IsNullable":false,"IsPathParameter":false,"IsReadOnly":false,"IsRequired":false,"IsWrapped":false,"JsonName":null,"Length":10,"Name":"lot_id","SDTType":null,"Sign":0,"Type":4},{"Alias":"","CollectionItemName":null,"Decimals":0,"DefaultValue":null,"Description":null,"ExternalName":null,"FullName":null,"Inout":1,"IsBCSDT":false,"IsCollection":false,"IsFilterAtt":false,"IsKey":false,"IsNullable":false,"IsPathParameter":false,"IsReadOnly":false,"IsRequired":false,"IsWrapped":false,"JsonName":null,"Length":4,"Name":"Pagina","SDTType":null,"Sign":0,"Type":4},{"Alias":"","CollectionItemName":null,"Decimals":0,"DefaultValue":null,"Description":null,"ExternalName":null,"FullName":null,"Inout":1,"IsBCSDT":false,"IsCollection":false,"IsFilterAtt":false,"IsKey":false,"IsNullable":false,"IsPathParameter":false,"IsReadOnly":false,"IsRequired":false,"IsWrapped":false,"JsonName":null,"Length":4,"Name":"QtdRegistro","SDTType":null,"Sign":0,"Type":4},{"Alias":"","CollectionItemName":null,"Decimals":0,"DefaultValue":null,"Description":"crud_lotacao_get_sdt","ExternalName":null,"FullName":null,"Inout":2,"IsBCSDT":false,"IsCollection":true,"IsFilterAtt":false,"IsKey":false,"IsNullable":false,"IsPathParameter":false,"IsReadOnly":false,"IsRequired":false,"IsWrapped":true,"JsonName":"","Length":0,"Name":"crud_lotacao_get_sdt","SDTType":"crud_lotacao_get_sdt","Sign":0,"Type":0},{"Alias":"","CollectionItemName":"Message","Decimals":0,"DefaultValue":null,"Description":"Messages","ExternalName":null,"FullName":null,"Inout":2,"IsBCSDT":false,"IsCollection":true,"IsFilterAtt":false,"IsKey":false,"IsNullable":false,"IsPathParameter":false,"IsReadOnly":false,"IsRequired":false,"IsWrapped":true,"JsonName":"","Length":0,"Name":"Messages","SDTType":"GeneXus.Common.Messages","Sign":0,"Type":0}],"PathAttributes":"","SecurityModeAttribute":null,"SecurityPrefixAttributes":null,"UserDescription":"Método para consultar unidade com registros paginados.","VerbAttributes":"GET","ymlId":"","ymlPath":false,"ymlSkipPath":true},{"CamelName":"MetodoAlterarLotacao","Description":"MetodoAlterarLotacao","GrpcName":"MetodoAlterarLotacao","HasGAM":false,"Id":"","ModelDescription":"Método para alterar registro da unidade","Name":"MetodoAlterarLotacao","Parameters":[{"Alias":"","CollectionItemName":null,"Decimals":0,"DefaultValue":null,"Description":"crud_lotacao_put_sdt","ExternalName":null,"FullName":null,"Inout":1,"IsBCSDT":false,"IsCollection":false,"IsFilterAtt":false,"IsKey":false,"IsNullable":false,"IsPathParameter":false,"IsReadOnly":false,"IsRequired":false,"IsWrapped":true,"JsonName":"","Length":0,"Name":"crud_lotacao_put_sdt","SDTType":"crud_lotacao_put_sdt","Sign":0,"Type":0},{"Alias":"","CollectionItemName":"Message","Decimals":0,"DefaultValue":null,"Description":"Messages","ExternalName":null,"FullName":null,"Inout":2,"IsBCSDT":false,"IsCollection":true,"IsFilterAtt":false,"IsKey":false,"IsNullable":false,"IsPathParameter":false,"IsReadOnly":false,"IsRequired":false,"IsWrapped":true,"JsonName":"","Length":0,"Name":"Messages","SDTType":"GeneXus.Common.Messages","Sign":0,"Type":0}],"PathAttributes":"","SecurityModeAttribute":null,"SecurityPrefixAttributes":null,"UserDescription":"Método para alterar registro da unidade","VerbAttributes":"PUT","ymlId":"","ymlPath":false,"ymlSkipPath":true},{"CamelName":"MetodoExcluirLotacao","Description":"MetodoExcluirLotacao","GrpcName":"MetodoExcluirLotacao","HasGAM":false,"Id":"{&lot_id}","ModelDescription":"Método para excluir registro da unidade","Name":"MetodoExcluirLotacao","Parameters":[{"Alias":"lotid","CollectionItemName":null,"Decimals":0,"DefaultValue":null,"Description":null,"ExternalName":null,"FullName":null,"Inout":1,"IsBCSDT":false,"IsCollection":false,"IsFilterAtt":false,"IsKey":false,"IsNullable":false,"IsPathParameter":true,"IsReadOnly":false,"IsRequired":false,"IsWrapped":false,"JsonName":null,"Length":10,"Name":"lot_id","SDTType":null,"Sign":0,"Type":4},{"Alias":"","CollectionItemName":"Message","Decimals":0,"DefaultValue":null,"Description":"Messages","ExternalName":null,"FullName":null,"Inout":2,"IsBCSDT":false,"IsCollection":true,"IsFilterAtt":false,"IsKey":false,"IsNullable":false,"IsPathParameter":false,"IsReadOnly":false,"IsRequired":false,"IsWrapped":true,"JsonName":"","Length":0,"Name":"Messages","SDTType":"GeneXus.Common.Messages","Sign":0,"Type":0}],"PathAttributes":"{&lot_id}","SecurityModeAttribute":null,"SecurityPrefixAttributes":null,"UserDescription":"Método para excluir registro da unidade","VerbAttributes":"DELETE","ymlId":"{lotid}","ymlPath":true,"ymlSkipPath":false}],"FullName":"apilotacao","FullNameForInsert":null,"GrpcNameSpace":"projeto","HasGAM":false,"IsAPI":true,"IsBC":false,"IsDP":false,"IsGrpc":false,"IsSD":false,"IsSDT":false,"IsSvc":false,"Name":"apilotacao","Parameters":null,"SDT":null,"SDTForInsert":null,"isOData":false,"isOpenAPI":true,"isOpenAiPlugin":false,"isUseEnvironmentPropertyValueOpenAPI":true,"openAPIVersion":"","openAiHumanDesc":"apilotacao","openAiModelDesc":"apilotacao"}