{"BasePath":"apiservidorefetivo","Description":"apiservidorefetivo","EntryPointMethods":[{"CamelName":"MetodoInserirServidorEfetivo","Description":"MetodoInserirServidorEfetivo","GrpcName":"MetodoInserirServidorEfetivo","HasGAM":false,"Id":"","ModelDescription":"Metodo para cadastar servidor efetivo","Name":"MetodoInserirServidorEfetivo","Parameters":[{"Alias":"","CollectionItemName":null,"Decimals":0,"DefaultValue":null,"Description":"crud_servidor_efetivo_post_sdt","ExternalName":null,"FullName":null,"Inout":1,"IsBCSDT":false,"IsCollection":false,"IsFilterAtt":false,"IsKey":false,"IsNullable":false,"IsPathParameter":false,"IsReadOnly":false,"IsRequired":false,"IsWrapped":true,"JsonName":"","Length":0,"Name":"crud_servidor_efetivo_post_sdt","SDTType":"crud_servidor_efetivo_post_sdt","Sign":0,"Type":0},{"Alias":"","CollectionItemName":"Message","Decimals":0,"DefaultValue":null,"Description":"Messages","ExternalName":null,"FullName":null,"Inout":2,"IsBCSDT":false,"IsCollection":true,"IsFilterAtt":false,"IsKey":false,"IsNullable":false,"IsPathParameter":false,"IsReadOnly":false,"IsRequired":false,"IsWrapped":true,"JsonName":"","Length":0,"Name":"Messages","SDTType":"GeneXus.Common.Messages","Sign":0,"Type":0}],"PathAttributes":"","SecurityModeAttribute":null,"SecurityPrefixAttributes":null,"UserDescription":"Metodo para cadastar servidor efetivo","VerbAttributes":"POST","ymlId":"","ymlPath":true,"ymlSkipPath":false},{"CamelName":"MetodoConsultarServidorEfetivo","Description":"MetodoConsultarServidorEfetivo","GrpcName":"MetodoConsultarServidorEfetivo","HasGAM":false,"Id":"","ModelDescription":"Método para consultar servidor efetivo.","Name":"MetodoConsultarServidorEfetivo","Parameters":[{"Alias":"pesid","CollectionItemName":null,"Decimals":0,"DefaultValue":null,"Description":null,"ExternalName":null,"FullName":null,"Inout":1,"IsBCSDT":false,"IsCollection":false,"IsFilterAtt":false,"IsKey":false,"IsNullable":false,"IsPathParameter":false,"IsReadOnly":false,"IsRequired":false,"IsWrapped":false,"JsonName":null,"Length":10,"Name":"se_pes_id","SDTType":null,"Sign":0,"Type":4},{"Alias":"","CollectionItemName":null,"Decimals":0,"DefaultValue":null,"Description":null,"ExternalName":null,"FullName":null,"Inout":1,"IsBCSDT":false,"IsCollection":false,"IsFilterAtt":false,"IsKey":false,"IsNullable":false,"IsPathParameter":false,"IsReadOnly":false,"IsRequired":false,"IsWrapped":false,"JsonName":null,"Length":4,"Name":"Pagina","SDTType":null,"Sign":0,"Type":4},{"Alias":"","CollectionItemName":null,"Decimals":0,"DefaultValue":null,"Description":null,"ExternalName":null,"FullName":null,"Inout":1,"IsBCSDT":false,"IsCollection":false,"IsFilterAtt":false,"IsKey":false,"IsNullable":false,"IsPathParameter":false,"IsReadOnly":false,"IsRequired":false,"IsWrapped":false,"JsonName":null,"Length":4,"Name":"QuantidadePagina","SDTType":null,"Sign":0,"Type":4},{"Alias":"","CollectionItemName":null,"Decimals":0,"DefaultValue":null,"Description":"crud_servidor_efetivo_get_sdt","ExternalName":null,"FullName":null,"Inout":2,"IsBCSDT":false,"IsCollection":true,"IsFilterAtt":false,"IsKey":false,"IsNullable":false,"IsPathParameter":false,"IsReadOnly":false,"IsRequired":false,"IsWrapped":true,"JsonName":"","Length":0,"Name":"crud_servidor_efetivo_get_sdt","SDTType":"crud_servidor_efetivo_get_sdt","Sign":0,"Type":0},{"Alias":"","CollectionItemName":"Message","Decimals":0,"DefaultValue":null,"Description":"Messages","ExternalName":null,"FullName":null,"Inout":2,"IsBCSDT":false,"IsCollection":true,"IsFilterAtt":false,"IsKey":false,"IsNullable":false,"IsPathParameter":false,"IsReadOnly":false,"IsRequired":false,"IsWrapped":true,"JsonName":"","Length":0,"Name":"Messages","SDTType":"GeneXus.Common.Messages","Sign":0,"Type":0}],"PathAttributes":"","SecurityModeAttribute":null,"SecurityPrefixAttributes":null,"UserDescription":"Método para consultar servidor efetivo.","VerbAttributes":"GET","ymlId":"","ymlPath":false,"ymlSkipPath":true},{"CamelName":"MetodoAlterarServidorEfetivo","Description":"MetodoAlterarServidorEfetivo","GrpcName":"MetodoAlterarServidorEfetivo","HasGAM":false,"Id":"","ModelDescription":"Método para alterar servidor efetivo","Name":"MetodoAlterarServidorEfetivo","Parameters":[{"Alias":"","CollectionItemName":null,"Decimals":0,"DefaultValue":null,"Description":"crud_servidor_efetivo_put_sdt","ExternalName":null,"FullName":null,"Inout":1,"IsBCSDT":false,"IsCollection":false,"IsFilterAtt":false,"IsKey":false,"IsNullable":false,"IsPathParameter":false,"IsReadOnly":false,"IsRequired":false,"IsWrapped":true,"JsonName":"","Length":0,"Name":"crud_servidor_efetivo_put_sdt","SDTType":"crud_servidor_efetivo_put_sdt","Sign":0,"Type":0},{"Alias":"","CollectionItemName":"Message","Decimals":0,"DefaultValue":null,"Description":"Messages","ExternalName":null,"FullName":null,"Inout":2,"IsBCSDT":false,"IsCollection":true,"IsFilterAtt":false,"IsKey":false,"IsNullable":false,"IsPathParameter":false,"IsReadOnly":false,"IsRequired":false,"IsWrapped":true,"JsonName":"","Length":0,"Name":"Messages","SDTType":"GeneXus.Common.Messages","Sign":0,"Type":0}],"PathAttributes":"","SecurityModeAttribute":null,"SecurityPrefixAttributes":null,"UserDescription":"Método para alterar servidor efetivo","VerbAttributes":"PUT","ymlId":"","ymlPath":false,"ymlSkipPath":true},{"CamelName":"MetodoExcluirServidorEfetivo","Description":"MetodoExcluirServidorEfetivo","GrpcName":"MetodoExcluirServidorEfetivo","HasGAM":false,"Id":"{&se_pes_id}","ModelDescription":"Método para excluir servidor efetivo","Name":"MetodoExcluirServidorEfetivo","Parameters":[{"Alias":"pesid","CollectionItemName":null,"Decimals":0,"DefaultValue":null,"Description":null,"ExternalName":null,"FullName":null,"Inout":1,"IsBCSDT":false,"IsCollection":false,"IsFilterAtt":false,"IsKey":false,"IsNullable":false,"IsPathParameter":true,"IsReadOnly":false,"IsRequired":false,"IsWrapped":false,"JsonName":null,"Length":10,"Name":"se_pes_id","SDTType":null,"Sign":0,"Type":4},{"Alias":"","CollectionItemName":"Message","Decimals":0,"DefaultValue":null,"Description":"Messages","ExternalName":null,"FullName":null,"Inout":2,"IsBCSDT":false,"IsCollection":true,"IsFilterAtt":false,"IsKey":false,"IsNullable":false,"IsPathParameter":false,"IsReadOnly":false,"IsRequired":false,"IsWrapped":true,"JsonName":"","Length":0,"Name":"Messages","SDTType":"GeneXus.Common.Messages","Sign":0,"Type":0}],"PathAttributes":"{&se_pes_id}","SecurityModeAttribute":null,"SecurityPrefixAttributes":null,"UserDescription":"Método para excluir servidor efetivo","VerbAttributes":"DELETE","ymlId":"{pesid}","ymlPath":true,"ymlSkipPath":false}],"FullName":"apiservidorefetivo","FullNameForInsert":null,"GrpcNameSpace":"projeto","HasGAM":false,"IsAPI":true,"IsBC":false,"IsDP":false,"IsGrpc":false,"IsSD":false,"IsSDT":false,"IsSvc":false,"Name":"apiservidorefetivo","Parameters":null,"SDT":null,"SDTForInsert":null,"isOData":false,"isOpenAPI":true,"isOpenAiPlugin":false,"isUseEnvironmentPropertyValueOpenAPI":true,"openAPIVersion":"","openAiHumanDesc":"apiservidorefetivo","openAiModelDesc":"apiservidorefetivo"}