{"BasePath":"apiservidortemporario","Description":"apiservidortemporario","EntryPointMethods":[{"CamelName":"MetodoInserirServidorTemporario","Description":"MetodoInserirServidorTemporario","GrpcName":"MetodoInserirServidorTemporario","HasGAM":false,"Id":"","ModelDescription":"Metodo para cadastar servidor temporário","Name":"MetodoInserirServidorTemporario","Parameters":[{"Alias":"","CollectionItemName":null,"Decimals":0,"DefaultValue":null,"Description":"crud_servidor_temporario_post_sdt","ExternalName":null,"FullName":null,"Inout":1,"IsBCSDT":false,"IsCollection":false,"IsFilterAtt":false,"IsKey":false,"IsNullable":false,"IsPathParameter":false,"IsReadOnly":false,"IsRequired":false,"IsWrapped":true,"JsonName":"","Length":0,"Name":"crud_servidor_temporario_post_sdt","SDTType":"crud_servidor_temporario_post_sdt","Sign":0,"Type":0},{"Alias":"","CollectionItemName":"Message","Decimals":0,"DefaultValue":null,"Description":"Messages","ExternalName":null,"FullName":null,"Inout":2,"IsBCSDT":false,"IsCollection":true,"IsFilterAtt":false,"IsKey":false,"IsNullable":false,"IsPathParameter":false,"IsReadOnly":false,"IsRequired":false,"IsWrapped":true,"JsonName":"","Length":0,"Name":"Messages","SDTType":"GeneXus.Common.Messages","Sign":0,"Type":0}],"PathAttributes":"","SecurityModeAttribute":null,"SecurityPrefixAttributes":null,"UserDescription":"Metodo para cadastar servidor temporário","VerbAttributes":"POST","ymlId":"","ymlPath":true,"ymlSkipPath":false},{"CamelName":"MetodoConsultarServidorTemporario","Description":"MetodoConsultarServidorTemporario","GrpcName":"MetodoConsultarServidorTemporario","HasGAM":false,"Id":"","ModelDescription":"Método para consultar servidor temporário.","Name":"MetodoConsultarServidorTemporario","Parameters":[{"Alias":"","CollectionItemName":null,"Decimals":0,"DefaultValue":null,"Description":null,"ExternalName":null,"FullName":null,"Inout":1,"IsBCSDT":false,"IsCollection":false,"IsFilterAtt":false,"IsKey":false,"IsNullable":false,"IsPathParameter":false,"IsReadOnly":false,"IsRequired":false,"IsWrapped":false,"JsonName":null,"Length":200,"Name":"pesnome","SDTType":null,"Sign":0,"Type":13},{"Alias":"","CollectionItemName":null,"Decimals":0,"DefaultValue":null,"Description":null,"ExternalName":null,"FullName":null,"Inout":1,"IsBCSDT":false,"IsCollection":false,"IsFilterAtt":false,"IsKey":false,"IsNullable":false,"IsPathParameter":false,"IsReadOnly":false,"IsRequired":false,"IsWrapped":false,"JsonName":null,"Length":4,"Name":"Pagina","SDTType":null,"Sign":0,"Type":4},{"Alias":"","CollectionItemName":null,"Decimals":0,"DefaultValue":null,"Description":null,"ExternalName":null,"FullName":null,"Inout":1,"IsBCSDT":false,"IsCollection":false,"IsFilterAtt":false,"IsKey":false,"IsNullable":false,"IsPathParameter":false,"IsReadOnly":false,"IsRequired":false,"IsWrapped":false,"JsonName":null,"Length":4,"Name":"QuantidadePagina","SDTType":null,"Sign":0,"Type":4},{"Alias":"","CollectionItemName":"Item","Decimals":0,"DefaultValue":null,"Description":"crud_servidor_temporario_get_sdt","ExternalName":null,"FullName":null,"Inout":2,"IsBCSDT":false,"IsCollection":true,"IsFilterAtt":false,"IsKey":false,"IsNullable":false,"IsPathParameter":false,"IsReadOnly":false,"IsRequired":false,"IsWrapped":true,"JsonName":"","Length":0,"Name":"crud_servidor_temporario_get_sdt","SDTType":"crud_servidor_temporario_get_sdt","Sign":0,"Type":0},{"Alias":"","CollectionItemName":"Message","Decimals":0,"DefaultValue":null,"Description":"Messages","ExternalName":null,"FullName":null,"Inout":2,"IsBCSDT":false,"IsCollection":true,"IsFilterAtt":false,"IsKey":false,"IsNullable":false,"IsPathParameter":false,"IsReadOnly":false,"IsRequired":false,"IsWrapped":true,"JsonName":"","Length":0,"Name":"Messages","SDTType":"GeneXus.Common.Messages","Sign":0,"Type":0}],"PathAttributes":"","SecurityModeAttribute":null,"SecurityPrefixAttributes":null,"UserDescription":"Método para consultar servidor temporário.","VerbAttributes":"GET","ymlId":"","ymlPath":false,"ymlSkipPath":true},{"CamelName":"MetodoAlterarServidorTemporario","Description":"MetodoAlterarServidorTemporario","GrpcName":"MetodoAlterarServidorTemporario","HasGAM":false,"Id":"","ModelDescription":"Método para alterar servidor temporário","Name":"MetodoAlterarServidorTemporario","Parameters":[{"Alias":"","CollectionItemName":null,"Decimals":0,"DefaultValue":null,"Description":"crud_servidor_temporario_put_sdt","ExternalName":null,"FullName":null,"Inout":1,"IsBCSDT":false,"IsCollection":false,"IsFilterAtt":false,"IsKey":false,"IsNullable":false,"IsPathParameter":false,"IsReadOnly":false,"IsRequired":false,"IsWrapped":true,"JsonName":"","Length":0,"Name":"crud_servidor_temporario_put_sdt","SDTType":"crud_servidor_temporario_put_sdt","Sign":0,"Type":0},{"Alias":"","CollectionItemName":"Message","Decimals":0,"DefaultValue":null,"Description":"Messages","ExternalName":null,"FullName":null,"Inout":2,"IsBCSDT":false,"IsCollection":true,"IsFilterAtt":false,"IsKey":false,"IsNullable":false,"IsPathParameter":false,"IsReadOnly":false,"IsRequired":false,"IsWrapped":true,"JsonName":"","Length":0,"Name":"Messages","SDTType":"GeneXus.Common.Messages","Sign":0,"Type":0}],"PathAttributes":"","SecurityModeAttribute":null,"SecurityPrefixAttributes":null,"UserDescription":"Método para alterar servidor temporário","VerbAttributes":"PUT","ymlId":"","ymlPath":false,"ymlSkipPath":true},{"CamelName":"MetodoExcluirServidorTemporario","Description":"MetodoExcluirServidorTemporario","GrpcName":"MetodoExcluirServidorTemporario","HasGAM":false,"Id":"{&st_pes_id}","ModelDescription":"Método para excluir servidor temporário","Name":"MetodoExcluirServidorTemporario","Parameters":[{"Alias":"pesid","CollectionItemName":null,"Decimals":0,"DefaultValue":null,"Description":null,"ExternalName":null,"FullName":null,"Inout":1,"IsBCSDT":false,"IsCollection":false,"IsFilterAtt":false,"IsKey":false,"IsNullable":false,"IsPathParameter":true,"IsReadOnly":false,"IsRequired":false,"IsWrapped":false,"JsonName":null,"Length":10,"Name":"st_pes_id","SDTType":null,"Sign":0,"Type":4},{"Alias":"","CollectionItemName":"Message","Decimals":0,"DefaultValue":null,"Description":"Messages","ExternalName":null,"FullName":null,"Inout":2,"IsBCSDT":false,"IsCollection":true,"IsFilterAtt":false,"IsKey":false,"IsNullable":false,"IsPathParameter":false,"IsReadOnly":false,"IsRequired":false,"IsWrapped":true,"JsonName":"","Length":0,"Name":"Messages","SDTType":"GeneXus.Common.Messages","Sign":0,"Type":0}],"PathAttributes":"{&st_pes_id}","SecurityModeAttribute":null,"SecurityPrefixAttributes":null,"UserDescription":"Método para excluir servidor temporário","VerbAttributes":"DELETE","ymlId":"{pesid}","ymlPath":true,"ymlSkipPath":false}],"FullName":"apiservidortemporario","FullNameForInsert":null,"GrpcNameSpace":"projeto","HasGAM":false,"IsAPI":true,"IsBC":false,"IsDP":false,"IsGrpc":false,"IsSD":false,"IsSDT":false,"IsSvc":false,"Name":"apiservidortemporario","Parameters":null,"SDT":null,"SDTForInsert":null,"isOData":false,"isOpenAPI":true,"isOpenAiPlugin":false,"isUseEnvironmentPropertyValueOpenAPI":true,"openAPIVersion":"","openAiHumanDesc":"apiservidortemporario","openAiModelDesc":"apiservidortemporario"}