{"BasePath":"apiunidade","Description":"apiunidade","EntryPointMethods":[{"CamelName":"MetodoInserirUnidade","Description":"MetodoInserirUnidade","GrpcName":"MetodoInserirUnidade","HasGAM":false,"Id":"","ModelDescription":"Metodo para cadastar registro da unidade","Name":"MetodoInserirUnidade","Parameters":[{"Alias":"","CollectionItemName":null,"Decimals":0,"DefaultValue":null,"Description":"crud_unidade_post_sdt","ExternalName":null,"FullName":null,"Inout":1,"IsBCSDT":false,"IsCollection":false,"IsFilterAtt":false,"IsKey":false,"IsNullable":false,"IsPathParameter":false,"IsReadOnly":false,"IsRequired":false,"IsWrapped":true,"JsonName":"","Length":0,"Name":"crud_unidade_post_sdt","SDTType":"crud_unidade_post_sdt","Sign":0,"Type":0},{"Alias":"","CollectionItemName":"Message","Decimals":0,"DefaultValue":null,"Description":"Messages","ExternalName":null,"FullName":null,"Inout":2,"IsBCSDT":false,"IsCollection":true,"IsFilterAtt":false,"IsKey":false,"IsNullable":false,"IsPathParameter":false,"IsReadOnly":false,"IsRequired":false,"IsWrapped":true,"JsonName":"","Length":0,"Name":"Messages","SDTType":"GeneXus.Common.Messages","Sign":0,"Type":0}],"PathAttributes":"","SecurityModeAttribute":null,"SecurityPrefixAttributes":null,"UserDescription":"Metodo para cadastar registro da unidade","VerbAttributes":"POST","ymlId":"","ymlPath":true,"ymlSkipPath":false},{"CamelName":"MetodoConsultarUnidade","Description":"MetodoConsultarUnidade","GrpcName":"MetodoConsultarUnidade","HasGAM":false,"Id":"","ModelDescription":"Método para consultar unidade com registros paginados.","Name":"MetodoConsultarUnidade","Parameters":[{"Alias":"unidnome","CollectionItemName":null,"Decimals":0,"DefaultValue":null,"Description":null,"ExternalName":null,"FullName":null,"Inout":1,"IsBCSDT":false,"IsCollection":false,"IsFilterAtt":false,"IsKey":false,"IsNullable":false,"IsPathParameter":false,"IsReadOnly":false,"IsRequired":false,"IsWrapped":false,"JsonName":null,"Length":200,"Name":"unid_nome","SDTType":null,"Sign":0,"Type":13},{"Alias":"","CollectionItemName":null,"Decimals":0,"DefaultValue":null,"Description":null,"ExternalName":null,"FullName":null,"Inout":1,"IsBCSDT":false,"IsCollection":false,"IsFilterAtt":false,"IsKey":false,"IsNullable":false,"IsPathParameter":false,"IsReadOnly":false,"IsRequired":false,"IsWrapped":false,"JsonName":null,"Length":4,"Name":"Pagina","SDTType":null,"Sign":0,"Type":4},{"Alias":"","CollectionItemName":null,"Decimals":0,"DefaultValue":null,"Description":null,"ExternalName":null,"FullName":null,"Inout":1,"IsBCSDT":false,"IsCollection":false,"IsFilterAtt":false,"IsKey":false,"IsNullable":false,"IsPathParameter":false,"IsReadOnly":false,"IsRequired":false,"IsWrapped":false,"JsonName":null,"Length":4,"Name":"QtdRegistro","SDTType":null,"Sign":0,"Type":4},{"Alias":"","CollectionItemName":null,"Decimals":0,"DefaultValue":null,"Description":"crud_unidade_get_sdt","ExternalName":null,"FullName":null,"Inout":2,"IsBCSDT":false,"IsCollection":true,"IsFilterAtt":false,"IsKey":false,"IsNullable":false,"IsPathParameter":false,"IsReadOnly":false,"IsRequired":false,"IsWrapped":true,"JsonName":"","Length":0,"Name":"crud_unidade_get_sdt","SDTType":"crud_unidade_get_sdt","Sign":0,"Type":0},{"Alias":"","CollectionItemName":"Message","Decimals":0,"DefaultValue":null,"Description":"Messages","ExternalName":null,"FullName":null,"Inout":2,"IsBCSDT":false,"IsCollection":true,"IsFilterAtt":false,"IsKey":false,"IsNullable":false,"IsPathParameter":false,"IsReadOnly":false,"IsRequired":false,"IsWrapped":true,"JsonName":"","Length":0,"Name":"Messages","SDTType":"GeneXus.Common.Messages","Sign":0,"Type":0}],"PathAttributes":"","SecurityModeAttribute":null,"SecurityPrefixAttributes":null,"UserDescription":"Método para consultar unidade com registros paginados.","VerbAttributes":"GET","ymlId":"","ymlPath":false,"ymlSkipPath":true},{"CamelName":"MetodoAlterarUnidade","Description":"MetodoAlterarUnidade","GrpcName":"MetodoAlterarUnidade","HasGAM":false,"Id":"","ModelDescription":"Método para alterar registro da unidade","Name":"MetodoAlterarUnidade","Parameters":[{"Alias":"","CollectionItemName":null,"Decimals":0,"DefaultValue":null,"Description":"crud_unidade_put_sdt","ExternalName":null,"FullName":null,"Inout":1,"IsBCSDT":false,"IsCollection":false,"IsFilterAtt":false,"IsKey":false,"IsNullable":false,"IsPathParameter":false,"IsReadOnly":false,"IsRequired":false,"IsWrapped":true,"JsonName":"","Length":0,"Name":"crud_unidade_put_sdt","SDTType":"crud_unidade_put_sdt","Sign":0,"Type":0},{"Alias":"","CollectionItemName":"Message","Decimals":0,"DefaultValue":null,"Description":"Messages","ExternalName":null,"FullName":null,"Inout":2,"IsBCSDT":false,"IsCollection":true,"IsFilterAtt":false,"IsKey":false,"IsNullable":false,"IsPathParameter":false,"IsReadOnly":false,"IsRequired":false,"IsWrapped":true,"JsonName":"","Length":0,"Name":"Messages","SDTType":"GeneXus.Common.Messages","Sign":0,"Type":0}],"PathAttributes":"","SecurityModeAttribute":null,"SecurityPrefixAttributes":null,"UserDescription":"Método para alterar registro da unidade","VerbAttributes":"PUT","ymlId":"","ymlPath":false,"ymlSkipPath":true},{"CamelName":"MetodoExcluirUnidade","Description":"MetodoExcluirUnidade","GrpcName":"MetodoExcluirUnidade","HasGAM":false,"Id":"{&unid_id}","ModelDescription":"Método para excluir registro da unidade","Name":"MetodoExcluirUnidade","Parameters":[{"Alias":"","CollectionItemName":null,"Decimals":0,"DefaultValue":null,"Description":null,"ExternalName":null,"FullName":null,"Inout":1,"IsBCSDT":false,"IsCollection":false,"IsFilterAtt":false,"IsKey":false,"IsNullable":false,"IsPathParameter":true,"IsReadOnly":false,"IsRequired":false,"IsWrapped":false,"JsonName":null,"Length":10,"Name":"unid_id","SDTType":null,"Sign":0,"Type":4},{"Alias":"","CollectionItemName":"Message","Decimals":0,"DefaultValue":null,"Description":"Messages","ExternalName":null,"FullName":null,"Inout":2,"IsBCSDT":false,"IsCollection":true,"IsFilterAtt":false,"IsKey":false,"IsNullable":false,"IsPathParameter":false,"IsReadOnly":false,"IsRequired":false,"IsWrapped":true,"JsonName":"","Length":0,"Name":"Messages","SDTType":"GeneXus.Common.Messages","Sign":0,"Type":0}],"PathAttributes":"{&unid_id}","SecurityModeAttribute":null,"SecurityPrefixAttributes":null,"UserDescription":"Método para excluir registro da unidade","VerbAttributes":"DELETE","ymlId":"{unid_id}","ymlPath":true,"ymlSkipPath":false}],"FullName":"apiunidade","FullNameForInsert":null,"GrpcNameSpace":"projeto","HasGAM":false,"IsAPI":true,"IsBC":false,"IsDP":false,"IsGrpc":false,"IsSD":false,"IsSDT":false,"IsSvc":false,"Name":"apiunidade","Parameters":null,"SDT":null,"SDTForInsert":null,"isOData":false,"isOpenAPI":true,"isOpenAiPlugin":false,"isUseEnvironmentPropertyValueOpenAPI":false,"openAPIVersion":"idOPENAPI30","openAiHumanDesc":"apiunidade","openAiModelDesc":"apiunidade"}