{"BasePath":null,"Description":"crud_lotacao_get_sdt","EntryPointMethods":null,"FullName":"crud_lotacao_get_sdt","FullNameForInsert":null,"GrpcNameSpace":null,"HasGAM":false,"IsAPI":false,"IsBC":false,"IsDP":false,"IsGrpc":false,"IsSD":false,"IsSDT":true,"IsSvc":false,"Name":"crud_lotacao_get_sdt","Parameters":null,"SDT":{"Attributes":[{"Alias":null,"CollectionItemName":null,"Decimals":0,"DefaultValue":null,"Description":"lot_id","ExternalName":null,"FullName":null,"Inout":0,"IsBCSDT":false,"IsCollection":false,"IsFilterAtt":false,"IsKey":false,"IsNullable":false,"IsPathParameter":false,"IsReadOnly":false,"IsRequired":false,"IsWrapped":false,"JsonName":"","Length":10,"Name":"lot_id","SDTType":null,"Sign":0,"Type":4},{"Alias":null,"CollectionItemName":null,"Decimals":0,"DefaultValue":null,"Description":"pes_id","ExternalName":null,"FullName":null,"Inout":0,"IsBCSDT":false,"IsCollection":false,"IsFilterAtt":false,"IsKey":false,"IsNullable":false,"IsPathParameter":false,"IsReadOnly":false,"IsRequired":false,"IsWrapped":false,"JsonName":"","Length":10,"Name":"pes_id","SDTType":null,"Sign":0,"Type":4},{"Alias":null,"CollectionItemName":null,"Decimals":0,"DefaultValue":null,"Description":"pes_nome","ExternalName":null,"FullName":null,"Inout":0,"IsBCSDT":false,"IsCollection":false,"IsFilterAtt":false,"IsKey":false,"IsNullable":false,"IsPathParameter":false,"IsReadOnly":false,"IsRequired":false,"IsWrapped":false,"JsonName":"","Length":200,"Name":"pes_nome","SDTType":null,"Sign":0,"Type":13},{"Alias":null,"CollectionItemName":null,"Decimals":0,"DefaultValue":null,"Description":"unid_id","ExternalName":null,"FullName":null,"Inout":0,"IsBCSDT":false,"IsCollection":false,"IsFilterAtt":false,"IsKey":false,"IsNullable":false,"IsPathParameter":false,"IsReadOnly":false,"IsRequired":false,"IsWrapped":false,"JsonName":"","Length":10,"Name":"unid_id","SDTType":null,"Sign":0,"Type":4},{"Alias":null,"CollectionItemName":null,"Decimals":0,"DefaultValue":null,"Description":"unid_nome","ExternalName":null,"FullName":null,"Inout":0,"IsBCSDT":false,"IsCollection":false,"IsFilterAtt":false,"IsKey":false,"IsNullable":false,"IsPathParameter":false,"IsReadOnly":false,"IsRequired":false,"IsWrapped":false,"JsonName":"","Length":200,"Name":"unid_nome","SDTType":null,"Sign":0,"Type":13},{"Alias":null,"CollectionItemName":null,"Decimals":0,"DefaultValue":null,"Description":"lot_data_lotacao","ExternalName":null,"FullName":null,"Inout":0,"IsBCSDT":false,"IsCollection":false,"IsFilterAtt":false,"IsKey":false,"IsNullable":false,"IsPathParameter":false,"IsReadOnly":false,"IsRequired":false,"IsWrapped":false,"JsonName":"","Length":8,"Name":"lot_data_lotacao","SDTType":null,"Sign":0,"Type":6},{"Alias":null,"CollectionItemName":null,"Decimals":0,"DefaultValue":null,"Description":"lot_data_remocao","ExternalName":null,"FullName":null,"Inout":0,"IsBCSDT":false,"IsCollection":false,"IsFilterAtt":false,"IsKey":false,"IsNullable":false,"IsPathParameter":false,"IsReadOnly":false,"IsRequired":false,"IsWrapped":false,"JsonName":"","Length":8,"Name":"lot_data_remocao","SDTType":null,"Sign":0,"Type":6},{"Alias":null,"CollectionItemName":null,"Decimals":0,"DefaultValue":null,"Description":"lot_portaria","ExternalName":null,"FullName":null,"Inout":0,"IsBCSDT":false,"IsCollection":false,"IsFilterAtt":false,"IsKey":false,"IsNullable":false,"IsPathParameter":false,"IsReadOnly":false,"IsRequired":false,"IsWrapped":false,"JsonName":"","Length":100,"Name":"lot_portaria","SDTType":null,"Sign":0,"Type":13}],"CollectionItemName":null,"FullName":"crud_lotacao_get_sdt","IsCollection":false,"IsSDTForInsert":false,"Name":"crud_lotacao_get_sdt","ParentLevel":null,"SubLevels":null},"SDTForInsert":null,"isOData":false,"isOpenAPI":true,"isOpenAiPlugin":false,"isUseEnvironmentPropertyValueOpenAPI":false,"openAPIVersion":null,"openAiHumanDesc":null,"openAiModelDesc":null}