{"BasePath":null,"Description":"crud_foto_pessoa_post_sdt","EntryPointMethods":null,"FullName":"crud_foto_pessoa_post_sdt","FullNameForInsert":null,"GrpcNameSpace":null,"HasGAM":false,"IsAPI":false,"IsBC":false,"IsDP":false,"IsGrpc":false,"IsSD":false,"IsSDT":true,"IsSvc":false,"Name":"crud_foto_pessoa_post_sdt","Parameters":null,"SDT":{"Attributes":[{"Alias":null,"CollectionItemName":null,"Decimals":0,"DefaultValue":null,"Description":"pes_id","ExternalName":null,"FullName":null,"Inout":0,"IsBCSDT":false,"IsCollection":false,"IsFilterAtt":false,"IsKey":false,"IsNullable":false,"IsPathParameter":false,"IsReadOnly":false,"IsRequired":false,"IsWrapped":false,"JsonName":"","Length":10,"Name":"pes_id","SDTType":null,"Sign":0,"Type":4},{"Alias":null,"CollectionItemName":null,"Decimals":0,"DefaultValue":null,"Description":"fp_foto","ExternalName":null,"FullName":null,"Inout":0,"IsBCSDT":false,"IsCollection":false,"IsFilterAtt":false,"IsKey":false,"IsNullable":false,"IsPathParameter":false,"IsReadOnly":false,"IsRequired":false,"IsWrapped":false,"JsonName":"","Length":4,"Name":"fp_foto","SDTType":null,"Sign":0,"Type":14}],"CollectionItemName":null,"FullName":"crud_foto_pessoa_post_sdt","IsCollection":false,"IsSDTForInsert":false,"Name":"crud_foto_pessoa_post_sdt","ParentLevel":null,"SubLevels":null},"SDTForInsert":null,"isOData":false,"isOpenAPI":true,"isOpenAiPlugin":false,"isUseEnvironmentPropertyValueOpenAPI":false,"openAPIVersion":null,"openAiHumanDesc":null,"openAiModelDesc":null}