{"BasePath":null,"Description":"crud_efetivo_unidade_get_sdt","EntryPointMethods":null,"FullName":"crud_efetivo_unidade_get_sdt","FullNameForInsert":null,"GrpcNameSpace":null,"HasGAM":false,"IsAPI":false,"IsBC":false,"IsDP":false,"IsGrpc":false,"IsSD":false,"IsSDT":true,"IsSvc":false,"Name":"crud_efetivo_unidade_get_sdt","Parameters":null,"SDT":{"Attributes":[{"Alias":null,"CollectionItemName":null,"Decimals":0,"DefaultValue":null,"Description":"id pessoa","ExternalName":null,"FullName":null,"Inout":0,"IsBCSDT":false,"IsCollection":false,"IsFilterAtt":false,"IsKey":false,"IsNullable":false,"IsPathParameter":false,"IsReadOnly":false,"IsRequired":false,"IsWrapped":false,"JsonName":"","Length":10,"Name":"se_pes_id","SDTType":null,"Sign":0,"Type":4},{"Alias":null,"CollectionItemName":null,"Decimals":0,"DefaultValue":null,"Description":"matricula","ExternalName":null,"FullName":null,"Inout":0,"IsBCSDT":false,"IsCollection":false,"IsFilterAtt":false,"IsKey":false,"IsNullable":false,"IsPathParameter":false,"IsReadOnly":false,"IsRequired":false,"IsWrapped":false,"JsonName":"","Length":20,"Name":"se_matricula","SDTType":null,"Sign":0,"Type":13},{"Alias":null,"CollectionItemName":null,"Decimals":0,"DefaultValue":null,"Description":"nome","ExternalName":null,"FullName":null,"Inout":0,"IsBCSDT":false,"IsCollection":false,"IsFilterAtt":false,"IsKey":false,"IsNullable":false,"IsPathParameter":false,"IsReadOnly":false,"IsRequired":false,"IsWrapped":false,"JsonName":"","Length":200,"Name":"pes_nome","SDTType":null,"Sign":0,"Type":13},{"Alias":null,"CollectionItemName":null,"Decimals":0,"DefaultValue":null,"Description":"data_nascimento","ExternalName":null,"FullName":null,"Inout":0,"IsBCSDT":false,"IsCollection":false,"IsFilterAtt":false,"IsKey":false,"IsNullable":false,"IsPathParameter":false,"IsReadOnly":false,"IsRequired":false,"IsWrapped":false,"JsonName":"","Length":8,"Name":"pes_data_nascimento","SDTType":null,"Sign":0,"Type":6},{"Alias":null,"CollectionItemName":null,"Decimals":0,"DefaultValue":null,"Description":"idade","ExternalName":null,"FullName":null,"Inout":0,"IsBCSDT":false,"IsCollection":false,"IsFilterAtt":false,"IsKey":false,"IsNullable":false,"IsPathParameter":false,"IsReadOnly":false,"IsRequired":false,"IsWrapped":false,"JsonName":"","Length":3,"Name":"idade","SDTType":null,"Sign":0,"Type":4},{"Alias":null,"CollectionItemName":null,"Decimals":0,"DefaultValue":null,"Description":"unidade de lotacao","ExternalName":null,"FullName":null,"Inout":0,"IsBCSDT":false,"IsCollection":false,"IsFilterAtt":false,"IsKey":false,"IsNullable":false,"IsPathParameter":false,"IsReadOnly":false,"IsRequired":false,"IsWrapped":false,"JsonName":"","Length":200,"Name":"unid_nome","SDTType":null,"Sign":0,"Type":13},{"Alias":null,"CollectionItemName":null,"Decimals":0,"DefaultValue":null,"Description":"fotografia","ExternalName":null,"FullName":null,"Inout":0,"IsBCSDT":false,"IsCollection":false,"IsFilterAtt":false,"IsKey":false,"IsNullable":false,"IsPathParameter":false,"IsReadOnly":false,"IsRequired":false,"IsWrapped":false,"JsonName":"","Length":1000,"Name":"fotografia","SDTType":null,"Sign":0,"Type":13}],"CollectionItemName":null,"FullName":"crud_efetivo_unidade_get_sdt","IsCollection":false,"IsSDTForInsert":false,"Name":"crud_efetivo_unidade_get_sdt","ParentLevel":null,"SubLevels":null},"SDTForInsert":null,"isOData":false,"isOpenAPI":true,"isOpenAiPlugin":false,"isUseEnvironmentPropertyValueOpenAPI":false,"openAPIVersion":null,"openAiHumanDesc":null,"openAiModelDesc":null}