{"BasePath":null,"Description":"crud_unidade_post_sdt","EntryPointMethods":null,"FullName":"crud_unidade_post_sdt","FullNameForInsert":null,"GrpcNameSpace":null,"HasGAM":false,"IsAPI":false,"IsBC":false,"IsDP":false,"IsGrpc":false,"IsSD":false,"IsSDT":true,"IsSvc":false,"Name":"crud_unidade_post_sdt","Parameters":null,"SDT":{"Attributes":[{"Alias":null,"CollectionItemName":null,"Decimals":0,"DefaultValue":null,"Description":"unid_nome","ExternalName":null,"FullName":null,"Inout":0,"IsBCSDT":false,"IsCollection":false,"IsFilterAtt":false,"IsKey":false,"IsNullable":false,"IsPathParameter":false,"IsReadOnly":false,"IsRequired":false,"IsWrapped":false,"JsonName":"","Length":200,"Name":"unid_nome","SDTType":null,"Sign":0,"Type":13},{"Alias":null,"CollectionItemName":null,"Decimals":0,"DefaultValue":null,"Description":"unid_sigla","ExternalName":null,"FullName":null,"Inout":0,"IsBCSDT":false,"IsCollection":false,"IsFilterAtt":false,"IsKey":false,"IsNullable":false,"IsPathParameter":false,"IsReadOnly":false,"IsRequired":false,"IsWrapped":false,"JsonName":"","Length":20,"Name":"unid_sigla","SDTType":null,"Sign":0,"Type":13},{"Alias":null,"CollectionItemName":null,"Decimals":0,"DefaultValue":null,"Description":"end_tipo_endereco","ExternalName":null,"FullName":null,"Inout":0,"IsBCSDT":false,"IsCollection":false,"IsFilterAtt":false,"IsKey":false,"IsNullable":false,"IsPathParameter":false,"IsReadOnly":false,"IsRequired":false,"IsWrapped":false,"JsonName":"","Length":20,"Name":"end_tipo_endereco","SDTType":null,"Sign":0,"Type":13},{"Alias":null,"CollectionItemName":null,"Decimals":0,"DefaultValue":null,"Description":"end_logradouro","ExternalName":null,"FullName":null,"Inout":0,"IsBCSDT":false,"IsCollection":false,"IsFilterAtt":false,"IsKey":false,"IsNullable":false,"IsPathParameter":false,"IsReadOnly":false,"IsRequired":false,"IsWrapped":false,"JsonName":"","Length":200,"Name":"end_logradouro","SDTType":null,"Sign":0,"Type":13},{"Alias":null,"CollectionItemName":null,"Decimals":0,"DefaultValue":null,"Description":"end_numero","ExternalName":null,"FullName":null,"Inout":0,"IsBCSDT":false,"IsCollection":false,"IsFilterAtt":false,"IsKey":false,"IsNullable":false,"IsPathParameter":false,"IsReadOnly":false,"IsRequired":false,"IsWrapped":false,"JsonName":"","Length":10,"Name":"end_numero","SDTType":null,"Sign":0,"Type":4},{"Alias":null,"CollectionItemName":null,"Decimals":0,"DefaultValue":null,"Description":"end_bairro","ExternalName":null,"FullName":null,"Inout":0,"IsBCSDT":false,"IsCollection":false,"IsFilterAtt":false,"IsKey":false,"IsNullable":false,"IsPathParameter":false,"IsReadOnly":false,"IsRequired":false,"IsWrapped":false,"JsonName":"","Length":100,"Name":"end_bairro","SDTType":null,"Sign":0,"Type":13},{"Alias":null,"CollectionItemName":null,"Decimals":0,"DefaultValue":null,"Description":"cid_nome","ExternalName":null,"FullName":null,"Inout":0,"IsBCSDT":false,"IsCollection":false,"IsFilterAtt":false,"IsKey":false,"IsNullable":false,"IsPathParameter":false,"IsReadOnly":false,"IsRequired":false,"IsWrapped":false,"JsonName":"","Length":200,"Name":"cid_nome","SDTType":null,"Sign":0,"Type":13},{"Alias":null,"CollectionItemName":null,"Decimals":0,"DefaultValue":null,"Description":"cid_uf","ExternalName":null,"FullName":null,"Inout":0,"IsBCSDT":false,"IsCollection":false,"IsFilterAtt":false,"IsKey":false,"IsNullable":false,"IsPathParameter":false,"IsReadOnly":false,"IsRequired":false,"IsWrapped":false,"JsonName":"","Length":2,"Name":"cid_uf","SDTType":null,"Sign":0,"Type":5}],"CollectionItemName":null,"FullName":"crud_unidade_post_sdt","IsCollection":false,"IsSDTForInsert":false,"Name":"crud_unidade_post_sdt","ParentLevel":null,"SubLevels":null},"SDTForInsert":null,"isOData":false,"isOpenAPI":true,"isOpenAiPlugin":false,"isUseEnvironmentPropertyValueOpenAPI":false,"openAPIVersion":null,"openAiHumanDesc":null,"openAiModelDesc":null}