{"BasePath":null,"Description":"Messages","EntryPointMethods":null,"FullName":"GeneXus.Common.Messages","FullNameForInsert":null,"GrpcNameSpace":null,"HasGAM":false,"IsAPI":false,"IsBC":false,"IsDP":false,"IsGrpc":false,"IsSD":false,"IsSDT":true,"IsSvc":false,"Name":"Messages","Parameters":null,"SDT":{"Attributes":[{"Alias":null,"CollectionItemName":null,"Decimals":0,"DefaultValue":null,"Description":"Id","ExternalName":null,"FullName":null,"Inout":0,"IsBCSDT":false,"IsCollection":false,"IsFilterAtt":false,"IsKey":false,"IsNullable":false,"IsPathParameter":false,"IsReadOnly":false,"IsRequired":false,"IsWrapped":false,"JsonName":"","Length":128,"Name":"Id","SDTType":null,"Sign":0,"Type":13},{"Alias":null,"CollectionItemName":null,"Decimals":0,"DefaultValue":null,"Description":"Type","ExternalName":null,"FullName":null,"Inout":0,"IsBCSDT":false,"IsCollection":false,"IsFilterAtt":false,"IsKey":false,"IsNullable":false,"IsPathParameter":false,"IsReadOnly":false,"IsRequired":false,"IsWrapped":false,"JsonName":"","Length":2,"Name":"Type","SDTType":null,"Sign":0,"Type":4},{"Alias":null,"CollectionItemName":null,"Decimals":0,"DefaultValue":null,"Description":"Description","ExternalName":null,"FullName":null,"Inout":0,"IsBCSDT":false,"IsCollection":false,"IsFilterAtt":false,"IsKey":false,"IsNullable":false,"IsPathParameter":false,"IsReadOnly":false,"IsRequired":false,"IsWrapped":false,"JsonName":"","Length":256,"Name":"Description","SDTType":null,"Sign":0,"Type":13}],"CollectionItemName":"Message","FullName":"GeneXus.Common.Messages","IsCollection":true,"IsSDTForInsert":false,"Name":"Messages","ParentLevel":null,"SubLevels":null},"SDTForInsert":null,"isOData":false,"isOpenAPI":true,"isOpenAiPlugin":false,"isUseEnvironmentPropertyValueOpenAPI":false,"openAPIVersion":null,"openAiHumanDesc":null,"openAiModelDesc":null}