{"BasePath":null,"Description":"pessoa_put_sdt","EntryPointMethods":null,"FullName":"pessoa_put_sdt","FullNameForInsert":null,"GrpcNameSpace":null,"HasGAM":false,"IsAPI":false,"IsBC":false,"IsDP":false,"IsGrpc":false,"IsSD":false,"IsSDT":true,"IsSvc":false,"Name":"pessoa_put_sdt","Parameters":null,"SDT":{"Attributes":[{"Alias":null,"CollectionItemName":null,"Decimals":0,"DefaultValue":null,"Description":"pes_id","ExternalName":null,"FullName":null,"Inout":0,"IsBCSDT":false,"IsCollection":false,"IsFilterAtt":false,"IsKey":false,"IsNullable":false,"IsPathParameter":false,"IsReadOnly":false,"IsRequired":false,"IsWrapped":false,"JsonName":"","Length":10,"Name":"pes_id","SDTType":null,"Sign":0,"Type":4},{"Alias":null,"CollectionItemName":null,"Decimals":0,"DefaultValue":null,"Description":"pes_nome","ExternalName":null,"FullName":null,"Inout":0,"IsBCSDT":false,"IsCollection":false,"IsFilterAtt":false,"IsKey":false,"IsNullable":false,"IsPathParameter":false,"IsReadOnly":false,"IsRequired":false,"IsWrapped":false,"JsonName":"","Length":200,"Name":"pes_nome","SDTType":null,"Sign":0,"Type":13},{"Alias":null,"CollectionItemName":null,"Decimals":0,"DefaultValue":null,"Description":"pes_data_nascimento","ExternalName":null,"FullName":null,"Inout":0,"IsBCSDT":false,"IsCollection":false,"IsFilterAtt":false,"IsKey":false,"IsNullable":false,"IsPathParameter":false,"IsReadOnly":false,"IsRequired":false,"IsWrapped":false,"JsonName":"","Length":8,"Name":"pes_data_nascimento","SDTType":null,"Sign":0,"Type":6},{"Alias":null,"CollectionItemName":null,"Decimals":0,"DefaultValue":null,"Description":"pes_sexo","ExternalName":null,"FullName":null,"Inout":0,"IsBCSDT":false,"IsCollection":false,"IsFilterAtt":false,"IsKey":false,"IsNullable":false,"IsPathParameter":false,"IsReadOnly":false,"IsRequired":false,"IsWrapped":false,"JsonName":"","Length":9,"Name":"pes_sexo","SDTType":null,"Sign":0,"Type":13},{"Alias":null,"CollectionItemName":null,"Decimals":0,"DefaultValue":null,"Description":"pes_mae","ExternalName":null,"FullName":null,"Inout":0,"IsBCSDT":false,"IsCollection":false,"IsFilterAtt":false,"IsKey":false,"IsNullable":false,"IsPathParameter":false,"IsReadOnly":false,"IsRequired":false,"IsWrapped":false,"JsonName":"","Length":200,"Name":"pes_mae","SDTType":null,"Sign":0,"Type":13},{"Alias":null,"CollectionItemName":null,"Decimals":0,"DefaultValue":null,"Description":"pes_pai","ExternalName":null,"FullName":null,"Inout":0,"IsBCSDT":false,"IsCollection":false,"IsFilterAtt":false,"IsKey":false,"IsNullable":false,"IsPathParameter":false,"IsReadOnly":false,"IsRequired":false,"IsWrapped":false,"JsonName":"","Length":200,"Name":"pes_pai","SDTType":null,"Sign":0,"Type":13},{"Alias":null,"CollectionItemName":null,"Decimals":0,"DefaultValue":null,"Description":"end_id","ExternalName":null,"FullName":null,"Inout":0,"IsBCSDT":false,"IsCollection":false,"IsFilterAtt":false,"IsKey":false,"IsNullable":false,"IsPathParameter":false,"IsReadOnly":false,"IsRequired":false,"IsWrapped":false,"JsonName":"","Length":10,"Name":"end_id","SDTType":null,"Sign":0,"Type":4}],"CollectionItemName":null,"FullName":"pessoa_put_sdt","IsCollection":false,"IsSDTForInsert":false,"Name":"pessoa_put_sdt","ParentLevel":null,"SubLevels":null},"SDTForInsert":null,"isOData":false,"isOpenAPI":true,"isOpenAiPlugin":false,"isUseEnvironmentPropertyValueOpenAPI":false,"openAPIVersion":null,"openAiHumanDesc":null,"openAiModelDesc":null}