<?xml version="1.0"?>
<Content xmlns:xsi="http://www.w3.org/2001/XMLSchema-instance" xmlns:xsd="http://www.w3.org/2001/XMLSchema">
	<Object id="GeneXusUnanimo.Step">
		<Group>
			<Name>General</Name>
			<Type>Main</Type>
			<Children>
				<Prop>
					<Id>id</Id>
					<Name>id</Name>
					<Type>Text</Type>
					<Default></Default>
					<Values></Values>
				</Prop>
				<Prop>
					<Id>Class</Id>
					<Name>Class</Name>
					<Type>Text</Type>
					<Default>ch-step</Default>
					<Values></Values>
				</Prop>
				<Prop>
					<Id>SelectedItem</Id>
					<Name>SelectedItem</Name>
					<Type>Text</Type>
					<Default></Default>
					<Values></Values>
				</Prop>
				<Prop>
					<Id>StepItems</Id>
					<Name>StepItems</Name>
					<Type>Custom</Type>
					<Default></Default>
					<Values></Values>
					<CustomType>Artech.Genexus.Common.CustomTypes.ControlAttVarReference, Artech.Genexus.Common</CustomType>
					<Metadata>
						<Value name="FlagScope">Designtime</Value>
						<Value name="FlagSetValueMethod">setStepItems</Value>
						<Value name="FlagGetValueMethod">getStepItems</Value>
						<Value name="FlagHideAttributes">True</Value>
						<Value name="FlagDataTypeFilter"></Value>
					</Metadata>
				</Prop>
				<Prop>
					<Id>StepItemsCurrentIndex</Id>
					<Name>StepItemsCurrentIndex</Name>
					<Type>Integer</Type>
					<Default></Default>
					<Values></Values>
				</Prop>
			</Children>
		</Group>
	</Object>
</Content>