
<Object>
<ObjClsGuid>84a12160-f59b-4ad7-a683-ea4481ac23e9</ObjClsGuid>
<ObjCls>1</ObjCls>
<ObjId>58</ObjId>
<ObjName>crud_foto_pessoa_post</ObjName>
<ObjStatus>genreq</ObjStatus>
<ObjNavig>GXSPC002\GEN12\NVG\crud_foto_pessoa_post.xml</ObjNavig></Object>
<Object>
<ObjClsGuid>84a12160-f59b-4ad7-a683-ea4481ac23e9</ObjClsGuid>
<ObjCls>1</ObjCls>
<ObjId>59</ObjId>
<ObjName>validaobjeto</ObjName>
<ObjStatus>genreq</ObjStatus>
<ObjNavig>GXSPC002\GEN12\NVG\validaobjeto.xml</ObjNavig></Object>
<Object>
<ObjClsGuid>36e32e2d-023e-4188-95df-d13573bac2e0</ObjClsGuid>
<ObjCls>42</ObjCls>
<ObjId>11</ObjId>
<ObjName>apifotopessoa</ObjName>
<ObjStatus>genreq</ObjStatus>
<ObjNavig>GXSPC002\GEN12\NVG\apifotopessoa.xml</ObjNavig></Object>
<Object>
<ObjClsGuid>84a12160-f59b-4ad7-a683-ea4481ac23e9</ObjClsGuid>
<ObjCls>1</ObjCls>
<ObjId>54</ObjId>
<ObjName>validapermissaousuario</ObjName>
<ObjStatus>genreq</ObjStatus>
<ObjNavig>GXSPC002\GEN12\NVG\validapermissaousuario.xml</ObjNavig></Object>
<Object>
<ObjClsGuid>84a12160-f59b-4ad7-a683-ea4481ac23e9</ObjClsGuid>
<ObjCls>1</ObjCls>
<ObjId>53</ObjId>
<ObjName>validacaotoken</ObjName>
<ObjStatus>genreq</ObjStatus>
<ObjNavig>GXSPC002\GEN12\NVG\validacaotoken.xml</ObjNavig></Object>
<Object>
<ObjClsGuid>1db606f2-af09-4cf9-a3b5-b481519d28f6</ObjClsGuid>
<ObjCls>0</ObjCls>
<ObjId>8</ObjId>
<ObjName>foto_pessoa</ObjName>
<ObjStatus>genreq</ObjStatus>
<ObjNavig>GXSPC002\GEN12\NVG\foto_pessoa.xml</ObjNavig></Object>
<Object>
<ObjClsGuid>1db606f2-af09-4cf9-a3b5-b481519d28f6</ObjClsGuid>
<ObjCls>0</ObjCls>
<ObjId>8</ObjId>
<ObjName>foto_pessoa_BC</ObjName>
<ObjStatus>genreq</ObjStatus>
<ObjNavig>GXSPC002\GEN12\NVG\foto_pessoa_BC.xml</ObjNavig></Object>