
<ObjectSpec>
<SpecVersion>18_0_8-180599</SpecVersion>
<Object>
<ObjClsGuid>84a12160-f59b-4ad7-a683-ea4481ac23e9</ObjClsGuid>
<ObjCls>1</ObjCls>
<ObjId>29</ObjId>
<ObjName>AlterarServidorTemporario</ObjName>
<ObjDesc>Alterar Servidor Temporario</ObjDesc>
<ObjPgmName>AlterarServidorTemporario</ObjPgmName>
<ObjClsName>Procedure</ObjClsName></Object>
<Result>nogenspc</Result>
<Warnings>
<Warning>
<MsgCode>spc0217</MsgCode>
<Message>
<Token>Object is unreachable.</Token></Message></Warning></Warnings>
<Errors></Errors>
<Generator>
<GenId>12</GenId>
<GenName>Default (Java)</GenName></Generator>
<FormClass>HTML</FormClass>
<Parameters></Parameters></ObjectSpec>