
<ObjectSpec>
<SpecVersion>18_0_8-180599</SpecVersion>
<Object>
<ObjClsGuid>36e32e2d-023e-4188-95df-d13573bac2e0</ObjClsGuid>
<ObjCls>42</ObjCls>
<ObjId>13</ObjId>
<ObjName>apiendereco</ObjName>
<ObjDesc>apiendereco</ObjDesc>
<ObjPgmName>apiendereco</ObjPgmName>
<ObjClsName>API</ObjClsName></Object>
<Result>genreq</Result>
<Warnings></Warnings>
<Errors></Errors>
<OutputDevices>
<Device>None</Device></OutputDevices>
<Main>Yes</Main>
<Generator>
<GenId>12</GenId>
<GenName>Default (Java)</GenName></Generator>
<FormClass>HTML</FormClass>
<Parameters></Parameters>
<Event>
<EventName>Before</EventName></Event>
<Event>
<EventName>After</EventName>
<CALL>
<Object>
<ObjClsGuid>84a12160-f59b-4ad7-a683-ea4481ac23e9</ObjClsGuid>
<ObjCls>1</ObjCls>
<ObjId>35</ObjId>
<ObjName>retorno_mensagem</ObjName>
<ObjPgmName>retorno_mensagem</ObjPgmName>
<ObjClsName>Procedure</ObjClsName></Object>
<Expression>
<Variable>
<VarId>Messages</VarId>
<VarName>&amp;Messages</VarName></Variable>
<Token>,</Token>
<Sp></Sp>
<Variable>
<VarId>Erro</VarId>
<VarName>&amp;Erro</VarName></Variable></Expression>
<IF></IF></CALL></Event>
<Service>
<ServiceName>MetodoInserirEndereco( &amp;Crud_endereco_post_sdt, &amp;Messages ) </ServiceName>
<CALL>
<Object>
<ObjClsGuid>84a12160-f59b-4ad7-a683-ea4481ac23e9</ObjClsGuid>
<ObjCls>1</ObjCls>
<ObjId>64</ObjId>
<ObjName>crud_endereco_post</ObjName>
<ObjPgmName>crud_endereco_post</ObjPgmName>
<ObjClsName>Procedure</ObjClsName></Object>
<Expression>
<Variable>
<VarId>Crud_endereco_post_sdt</VarId>
<VarName>&amp;crud_endereco_post_sdt</VarName></Variable>
<Token>,</Token>
<Sp></Sp>
<Variable>
<VarId>Messages</VarId>
<VarName>&amp;Messages</VarName></Variable></Expression>
<IF></IF></CALL></Service>
<Service>
<ServiceName>MetodoAlterarEndereco( &amp;Crud_endereco_put_sdt, &amp;Messages ) </ServiceName>
<CALL>
<Object>
<ObjClsGuid>84a12160-f59b-4ad7-a683-ea4481ac23e9</ObjClsGuid>
<ObjCls>1</ObjCls>
<ObjId>65</ObjId>
<ObjName>crud_endereco_put</ObjName>
<ObjPgmName>crud_endereco_put</ObjPgmName>
<ObjClsName>Procedure</ObjClsName></Object>
<Expression>
<Variable>
<VarId>Crud_endereco_put_sdt</VarId>
<VarName>&amp;crud_endereco_put_sdt</VarName></Variable>
<Token>,</Token>
<Sp></Sp>
<Variable>
<VarId>Messages</VarId>
<VarName>&amp;Messages</VarName></Variable></Expression>
<IF></IF></CALL></Service>
<Service>
<ServiceName>MetodoExcluirEndereco( &amp;End_id, &amp;Messages ) </ServiceName>
<CALL>
<Object>
<ObjClsGuid>84a12160-f59b-4ad7-a683-ea4481ac23e9</ObjClsGuid>
<ObjCls>1</ObjCls>
<ObjId>66</ObjId>
<ObjName>crud_endereco_delete</ObjName>
<ObjPgmName>crud_endereco_delete</ObjPgmName>
<ObjClsName>Procedure</ObjClsName></Object>
<Expression>
<Variable>
<VarId>End_id</VarId>
<VarName>&amp;end_id</VarName></Variable>
<Token>,</Token>
<Sp></Sp>
<Variable>
<VarId>Messages</VarId>
<VarName>&amp;Messages</VarName></Variable></Expression>
<IF></IF></CALL></Service>
<Service>
<ServiceName>MetodoConsultarEndereco( &amp;End_id, &amp;Pagina, &amp;Qtdregistro, &amp;Crud_endereco_get_sdt, &amp;Messages ) </ServiceName>
<CALL>
<Object>
<ObjClsGuid>84a12160-f59b-4ad7-a683-ea4481ac23e9</ObjClsGuid>
<ObjCls>1</ObjCls>
<ObjId>67</ObjId>
<ObjName>crud_endereco_get</ObjName>
<ObjPgmName>crud_endereco_get</ObjPgmName>
<ObjClsName>Procedure</ObjClsName></Object>
<Expression>
<Variable>
<VarId>End_id</VarId>
<VarName>&amp;end_id</VarName></Variable>
<Token>,</Token>
<Sp></Sp>
<Variable>
<VarId>Pagina</VarId>
<VarName>&amp;Pagina</VarName></Variable>
<Token>,</Token>
<Sp></Sp>
<Variable>
<VarId>Qtdregistro</VarId>
<VarName>&amp;QtdRegistro</VarName></Variable>
<Token>,</Token>
<Sp></Sp>
<Variable>
<VarId>Crud_endereco_get_sdt</VarId>
<VarName>&amp;crud_endereco_get_sdt</VarName></Variable>
<Token>,</Token>
<Sp></Sp>
<Variable>
<VarId>Messages</VarId>
<VarName>&amp;Messages</VarName></Variable></Expression>
<IF></IF></CALL></Service>
<Levels></Levels></ObjectSpec>