
<ObjectSpec>
<SpecVersion>18_0_8-180599</SpecVersion>
<Object>
<ObjClsGuid>36e32e2d-023e-4188-95df-d13573bac2e0</ObjClsGuid>
<ObjCls>42</ObjCls>
<ObjId>11</ObjId>
<ObjName>apifotopessoa</ObjName>
<ObjDesc>apifotopessoa</ObjDesc>
<ObjPgmName>apifotopessoa</ObjPgmName>
<ObjClsName>API</ObjClsName></Object>
<Result>genreq</Result>
<Warnings></Warnings>
<Errors></Errors>
<OutputDevices>
<Device>None</Device></OutputDevices>
<Main>Yes</Main>
<Generator>
<GenId>12</GenId>
<GenName>Default (Java)</GenName></Generator>
<FormClass>HTML</FormClass>
<Parameters></Parameters>
<Service>
<ServiceName>MetodoInserirFoto( &amp;Crud_foto_pessoa_post_sdt, &amp;Messages ) </ServiceName>
<CALL>
<Object>
<ObjClsGuid>84a12160-f59b-4ad7-a683-ea4481ac23e9</ObjClsGuid>
<ObjCls>1</ObjCls>
<ObjId>58</ObjId>
<ObjName>crud_foto_pessoa_post</ObjName>
<ObjPgmName>crud_foto_pessoa_post</ObjPgmName>
<ObjClsName>Procedure</ObjClsName></Object>
<Expression>
<Variable>
<VarId>Crud_foto_pessoa_post_sdt</VarId>
<VarName>&amp;crud_foto_pessoa_post_sdt</VarName></Variable>
<Token>,</Token>
<Sp></Sp>
<Variable>
<VarId>Messages</VarId>
<VarName>&amp;Messages</VarName></Variable></Expression>
<IF></IF></CALL></Service>
<Service>
<ServiceName>MetodoConsultartFoto( &amp;Pesid, &amp;Fotografialink ) </ServiceName>
<CALL>
<Object>
<ObjClsGuid>84a12160-f59b-4ad7-a683-ea4481ac23e9</ObjClsGuid>
<ObjCls>1</ObjCls>
<ObjId>73</ObjId>
<ObjName>crud_foto_pessoa_get</ObjName>
<ObjPgmName>crud_foto_pessoa_get</ObjPgmName>
<ObjClsName>Procedure</ObjClsName></Object>
<Expression>
<Variable>
<VarId>Pesid</VarId>
<VarName>&amp;pesid</VarName></Variable>
<Token>,</Token>
<Sp></Sp>
<Variable>
<VarId>Fotografialink</VarId>
<VarName>&amp;fotografialink</VarName></Variable></Expression>
<IF></IF></CALL></Service>
<Levels></Levels></ObjectSpec>