
<ObjectSpec>
<SpecVersion>18_0_8-180599</SpecVersion>
<Object>
<ObjClsGuid>36e32e2d-023e-4188-95df-d13573bac2e0</ObjClsGuid>
<ObjCls>42</ObjCls>
<ObjId>3</ObjId>
<ObjName>apilotacao</ObjName>
<ObjDesc>apilotacao</ObjDesc>
<ObjPgmName>apilotacao</ObjPgmName>
<ObjClsName>API</ObjClsName></Object>
<Result>genreq</Result>
<Warnings></Warnings>
<Errors></Errors>
<OutputDevices>
<Device>None</Device></OutputDevices>
<Main>Yes</Main>
<Generator>
<GenId>12</GenId>
<GenName>Default (Java)</GenName></Generator>
<FormClass>HTML</FormClass>
<Parameters></Parameters>
<Event>
<EventName>Before</EventName></Event>
<Event>
<EventName>After</EventName>
<CALL>
<Object>
<ObjClsGuid>84a12160-f59b-4ad7-a683-ea4481ac23e9</ObjClsGuid>
<ObjCls>1</ObjCls>
<ObjId>35</ObjId>
<ObjName>retorno_mensagem</ObjName>
<ObjPgmName>retorno_mensagem</ObjPgmName>
<ObjClsName>Procedure</ObjClsName></Object>
<Expression>
<Variable>
<VarId>Messages</VarId>
<VarName>&amp;Messages</VarName></Variable>
<Token>,</Token>
<Sp></Sp>
<Variable>
<VarId>Erro</VarId>
<VarName>&amp;Erro</VarName></Variable></Expression>
<IF></IF></CALL></Event>
<Service>
<ServiceName>MetodoInserirLotacao( &amp;Crud_lotacao_post_sdt, &amp;Messages ) </ServiceName>
<CALL>
<Object>
<ObjClsGuid>84a12160-f59b-4ad7-a683-ea4481ac23e9</ObjClsGuid>
<ObjCls>1</ObjCls>
<ObjId>36</ObjId>
<ObjName>crud_lotacao_post</ObjName>
<ObjPgmName>crud_lotacao_post</ObjPgmName>
<ObjClsName>Procedure</ObjClsName></Object>
<Expression>
<Variable>
<VarId>Crud_lotacao_post_sdt</VarId>
<VarName>&amp;crud_lotacao_post_sdt</VarName></Variable>
<Token>,</Token>
<Sp></Sp>
<Variable>
<VarId>Messages</VarId>
<VarName>&amp;Messages</VarName></Variable></Expression>
<IF></IF></CALL></Service>
<Service>
<ServiceName>MetodoAlterarLotacao( &amp;Crud_lotacao_put_sdt, &amp;Messages ) </ServiceName>
<CALL>
<Object>
<ObjClsGuid>84a12160-f59b-4ad7-a683-ea4481ac23e9</ObjClsGuid>
<ObjCls>1</ObjCls>
<ObjId>37</ObjId>
<ObjName>crud_lotacao_put</ObjName>
<ObjPgmName>crud_lotacao_put</ObjPgmName>
<ObjClsName>Procedure</ObjClsName></Object>
<Expression>
<Variable>
<VarId>Crud_lotacao_put_sdt</VarId>
<VarName>&amp;crud_lotacao_put_sdt</VarName></Variable>
<Token>,</Token>
<Sp></Sp>
<Variable>
<VarId>Messages</VarId>
<VarName>&amp;Messages</VarName></Variable></Expression>
<IF></IF></CALL></Service>
<Service>
<ServiceName>MetodoExcluirLotacao( &amp;Lot_id, &amp;Messages ) </ServiceName>
<CALL>
<Object>
<ObjClsGuid>84a12160-f59b-4ad7-a683-ea4481ac23e9</ObjClsGuid>
<ObjCls>1</ObjCls>
<ObjId>38</ObjId>
<ObjName>crud_lotacao_delete</ObjName>
<ObjPgmName>crud_lotacao_delete</ObjPgmName>
<ObjClsName>Procedure</ObjClsName></Object>
<Expression>
<Variable>
<VarId>Lot_id</VarId>
<VarName>&amp;lot_id</VarName></Variable>
<Token>,</Token>
<Sp></Sp>
<Variable>
<VarId>Messages</VarId>
<VarName>&amp;Messages</VarName></Variable></Expression>
<IF></IF></CALL></Service>
<Service>
<ServiceName>MetodoConsultarLotacao( &amp;Lot_id, &amp;Pagina, &amp;Qtdregistro, &amp;Crud_lotacao_get_sdt, &amp;Messages ) </ServiceName>
<CALL>
<Object>
<ObjClsGuid>84a12160-f59b-4ad7-a683-ea4481ac23e9</ObjClsGuid>
<ObjCls>1</ObjCls>
<ObjId>48</ObjId>
<ObjName>crud_lotacao_get</ObjName>
<ObjPgmName>crud_lotacao_get</ObjPgmName>
<ObjClsName>Procedure</ObjClsName></Object>
<Expression>
<Variable>
<VarId>Lot_id</VarId>
<VarName>&amp;lot_id</VarName></Variable>
<Token>,</Token>
<Sp></Sp>
<Variable>
<VarId>Pagina</VarId>
<VarName>&amp;Pagina</VarName></Variable>
<Token>,</Token>
<Sp></Sp>
<Variable>
<VarId>Qtdregistro</VarId>
<VarName>&amp;QtdRegistro</VarName></Variable>
<Token>,</Token>
<Sp></Sp>
<Variable>
<VarId>Crud_lotacao_get_sdt</VarId>
<VarName>&amp;crud_lotacao_get_sdt</VarName></Variable>
<Token>,</Token>
<Sp></Sp>
<Variable>
<VarId>Messages</VarId>
<VarName>&amp;Messages</VarName></Variable></Expression>
<IF></IF></CALL></Service>
<Levels></Levels></ObjectSpec>