
<ObjectSpec>
<SpecVersion>18_0_8-180599</SpecVersion>
<Object>
<ObjClsGuid>36e32e2d-023e-4188-95df-d13573bac2e0</ObjClsGuid>
<ObjCls>42</ObjCls>
<ObjId>14</ObjId>
<ObjName>apipessoa</ObjName>
<ObjDesc>apipessoa</ObjDesc>
<ObjPgmName>apipessoa</ObjPgmName>
<ObjClsName>API</ObjClsName></Object>
<Result>genreq</Result>
<Warnings></Warnings>
<Errors></Errors>
<OutputDevices>
<Device>None</Device></OutputDevices>
<Main>Yes</Main>
<Generator>
<GenId>12</GenId>
<GenName>Default (Java)</GenName></Generator>
<FormClass>HTML</FormClass>
<Parameters></Parameters>
<Event>
<EventName>Before</EventName></Event>
<Event>
<EventName>After</EventName>
<CALL>
<Object>
<ObjClsGuid>84a12160-f59b-4ad7-a683-ea4481ac23e9</ObjClsGuid>
<ObjCls>1</ObjCls>
<ObjId>35</ObjId>
<ObjName>retorno_mensagem</ObjName>
<ObjPgmName>retorno_mensagem</ObjPgmName>
<ObjClsName>Procedure</ObjClsName></Object>
<Expression>
<Variable>
<VarId>Messages</VarId>
<VarName>&amp;Messages</VarName></Variable>
<Token>,</Token>
<Sp></Sp>
<Variable>
<VarId>Erro</VarId>
<VarName>&amp;Erro</VarName></Variable></Expression>
<IF></IF></CALL></Event>
<Service>
<ServiceName>MetodoInserirPessoa( &amp;Pessoa_post_sdt, &amp;Messages ) </ServiceName>
<CALL>
<Object>
<ObjClsGuid>84a12160-f59b-4ad7-a683-ea4481ac23e9</ObjClsGuid>
<ObjCls>1</ObjCls>
<ObjId>72</ObjId>
<ObjName>crud_pessoa_post</ObjName>
<ObjPgmName>crud_pessoa_post</ObjPgmName>
<ObjClsName>Procedure</ObjClsName></Object>
<Expression>
<Variable>
<VarId>Pessoa_post_sdt</VarId>
<VarName>&amp;pessoa_post_sdt</VarName></Variable>
<Token>,</Token>
<Sp></Sp>
<Variable>
<VarId>Messages</VarId>
<VarName>&amp;Messages</VarName></Variable></Expression>
<IF></IF></CALL></Service>
<Service>
<ServiceName>MetodoAlterarPessoa( &amp;Pessoa_put_sdt, &amp;Messages ) </ServiceName>
<CALL>
<Object>
<ObjClsGuid>84a12160-f59b-4ad7-a683-ea4481ac23e9</ObjClsGuid>
<ObjCls>1</ObjCls>
<ObjId>69</ObjId>
<ObjName>crud_pessoa_put</ObjName>
<ObjPgmName>crud_pessoa_put</ObjPgmName>
<ObjClsName>Procedure</ObjClsName></Object>
<Expression>
<Variable>
<VarId>Pessoa_put_sdt</VarId>
<VarName>&amp;pessoa_put_sdt</VarName></Variable>
<Token>,</Token>
<Sp></Sp>
<Variable>
<VarId>Messages</VarId>
<VarName>&amp;Messages</VarName></Variable></Expression>
<IF></IF></CALL></Service>
<Service>
<ServiceName>MetodoExcluirPessoa( &amp;Pes_id, &amp;Messages ) </ServiceName>
<CALL>
<Object>
<ObjClsGuid>84a12160-f59b-4ad7-a683-ea4481ac23e9</ObjClsGuid>
<ObjCls>1</ObjCls>
<ObjId>70</ObjId>
<ObjName>crud_pessoa_delete</ObjName>
<ObjPgmName>crud_pessoa_delete</ObjPgmName>
<ObjClsName>Procedure</ObjClsName></Object>
<Expression>
<Variable>
<VarId>Pes_id</VarId>
<VarName>&amp;pes_id</VarName></Variable>
<Token>,</Token>
<Sp></Sp>
<Variable>
<VarId>Messages</VarId>
<VarName>&amp;Messages</VarName></Variable></Expression>
<IF></IF></CALL></Service>
<Service>
<ServiceName>MetodoConsultarPessoa( &amp;Pes_nome, &amp;Pagina, &amp;Quantidadepagina, &amp;Crud_pessoa_get_sdt, &amp;Messages ) </ServiceName>
<CALL>
<Object>
<ObjClsGuid>84a12160-f59b-4ad7-a683-ea4481ac23e9</ObjClsGuid>
<ObjCls>1</ObjCls>
<ObjId>71</ObjId>
<ObjName>crud_pessoa_get</ObjName>
<ObjPgmName>crud_pessoa_get</ObjPgmName>
<ObjClsName>Procedure</ObjClsName></Object>
<Expression>
<Variable>
<VarId>Pes_nome</VarId>
<VarName>&amp;pes_nome</VarName></Variable>
<Token>,</Token>
<Sp></Sp>
<Variable>
<VarId>Pagina</VarId>
<VarName>&amp;Pagina</VarName></Variable>
<Token>,</Token>
<Sp></Sp>
<Variable>
<VarId>Quantidadepagina</VarId>
<VarName>&amp;QuantidadePagina</VarName></Variable>
<Token>,</Token>
<Sp></Sp>
<Variable>
<VarId>Crud_pessoa_get_sdt</VarId>
<VarName>&amp;crud_pessoa_get_sdt</VarName></Variable>
<Token>,</Token>
<Sp></Sp>
<Variable>
<VarId>Messages</VarId>
<VarName>&amp;Messages</VarName></Variable></Expression>
<IF></IF></CALL></Service>
<Levels></Levels></ObjectSpec>