
<ObjectSpec>
<SpecVersion>18_0_8-180599</SpecVersion>
<Object>
<ObjClsGuid>36e32e2d-023e-4188-95df-d13573bac2e0</ObjClsGuid>
<ObjCls>42</ObjCls>
<ObjId>10</ObjId>
<ObjName>apivalidacao</ObjName>
<ObjDesc>apivalidacao</ObjDesc>
<ObjPgmName>apivalidacao</ObjPgmName>
<ObjClsName>API</ObjClsName></Object>
<Result>genreq</Result>
<Warnings></Warnings>
<Errors></Errors>
<OutputDevices>
<Device>None</Device></OutputDevices>
<Main>Yes</Main>
<Generator>
<GenId>12</GenId>
<GenName>Default (Java)</GenName></Generator>
<FormClass>HTML</FormClass>
<Parameters></Parameters>
<Event>
<EventName>Loginusuario.Before</EventName></Event>
<Service>
<ServiceName>LoginUsuario( &amp;Login, &amp;Senha, &amp;Token, &amp;Messages ) </ServiceName>
<CALL>
<Object>
<ObjClsGuid>84a12160-f59b-4ad7-a683-ea4481ac23e9</ObjClsGuid>
<ObjCls>1</ObjCls>
<ObjId>56</ObjId>
<ObjName>validausuariotoken</ObjName>
<ObjPgmName>validausuariotoken</ObjPgmName>
<ObjClsName>Procedure</ObjClsName></Object>
<Expression>
<Variable>
<VarId>Login</VarId>
<VarName>&amp;Login</VarName></Variable>
<Token>,</Token>
<Sp></Sp>
<Variable>
<VarId>Senha</VarId>
<VarName>&amp;Senha</VarName></Variable>
<Token>,</Token>
<Sp></Sp>
<Variable>
<VarId>Token</VarId>
<VarName>&amp;Token</VarName></Variable>
<Token>,</Token>
<Sp></Sp>
<Variable>
<VarId>Messages</VarId>
<VarName>&amp;Messages</VarName></Variable></Expression>
<IF></IF></CALL></Service>
<Levels></Levels></ObjectSpec>