
<ObjectSpec>
<SpecVersion>18_0_8-180599</SpecVersion>
<Object>
<ObjClsGuid>1db606f2-af09-4cf9-a3b5-b481519d28f6</ObjClsGuid>
<ObjCls>0</ObjCls>
<ObjId>10</ObjId>
<ObjName>cidade_BC</ObjName>
<ObjDesc>cidade</ObjDesc>
<ObjPgmName>cidade_BC</ObjPgmName>
<ObjClsName>Transaction</ObjClsName></Object>
<Result>genreq</Result>
<Warnings></Warnings>
<Errors></Errors>
<Generator>
<GenId>12</GenId>
<GenName>Default (Java)</GenName></Generator>
<FormClass>HTML</FormClass>
<Parameters></Parameters>
<Levels>
<Level>
<LevelType>Trn</LevelType>
<LevelNumber>10</LevelNumber>
<BaseTable>
<Table>
<TableId>10</TableId>
<TableName>cidade</TableName>
<Description>cidade</Description></Table></BaseTable>
<NavigationTree>
<Table>
<TableId>10</TableId>
<TableName>cidade</TableName>
<Description>cidade</Description>
<Updated>Yes</Updated>
<RecordsToRead>many</RecordsToRead>
<KeyAttributes>
<Attribute>
<AttriId>8</AttriId>
<AttriName>cid_id</AttriName>
<Description>cid_id</Description></Attribute></KeyAttributes>
<Tables></Tables></Table></NavigationTree>
<Formulas>
<VerticalFormulas></VerticalFormulas>
<AggSelFormulas></AggSelFormulas></Formulas>
<DynamicLoads></DynamicLoads>
<Rules></Rules>
<AfterAttributeRules></AfterAttributeRules>
<AfterConfirmRules></AfterConfirmRules>
<TablesToUpdate>
<TableToUpdate>
<Table>
<TableId>10</TableId>
<TableName>cidade</TableName>
<Description>cidade</Description></Table>
<TableAction>insert</TableAction>
<AttrisToUpdate>
<Attribute>
<AttriId>28</AttriId>
<AttriName>cid_nome</AttriName>
<Description>cid_nome</Description></Attribute>
<Attribute>
<AttriId>29</AttriId>
<AttriName>cid_uf</AttriName>
<Description>cid_uf</Description></Attribute></AttrisToUpdate></TableToUpdate>
<TableToUpdate>
<Table>
<TableId>10</TableId>
<TableName>cidade</TableName>
<Description>cidade</Description></Table>
<TableAction>update</TableAction>
<AttrisToUpdate>
<Attribute>
<AttriId>28</AttriId>
<AttriName>cid_nome</AttriName>
<Description>cid_nome</Description></Attribute>
<Attribute>
<AttriId>29</AttriId>
<AttriName>cid_uf</AttriName>
<Description>cid_uf</Description></Attribute></AttrisToUpdate></TableToUpdate>
<TableToUpdate>
<Table>
<TableId>10</TableId>
<TableName>cidade</TableName>
<Description>cidade</Description></Table>
<TableAction>delete</TableAction>
<AttrisToUpdate></AttrisToUpdate></TableToUpdate></TablesToUpdate>
<AfterInsertRules></AfterInsertRules>
<AfterUpdateRules></AfterUpdateRules>
<AfterDeleteRules></AfterDeleteRules>
<TablesToControlOnDelete>
<Table>
<TableId>9</TableId>
<TableName>endereco</TableName>
<Description>endereco</Description>
<RecordsToRead>one</RecordsToRead>
<KeyAttributes>
<Attribute>
<AttriId>8</AttriId>
<AttriName>cid_id</AttriName>
<Description>cid_id</Description></Attribute></KeyAttributes></Table></TablesToControlOnDelete>
<Levels></Levels>
<AfterTrnRules></AfterTrnRules>
<AfterLevelRules></AfterLevelRules></Level></Levels>
<Suggests></Suggests></ObjectSpec>