
<ObjectSpec>
<SpecVersion>18_0_8-180599</SpecVersion>
<Object>
<ObjClsGuid>2a9e9aba-d2de-4801-ae7f-5e3819222daf</ObjClsGuid>
<ObjCls>33</ObjCls>
<ObjId>5</ObjId>
<ObjName>crud_servidor_temporario_dp</ObjName>
<ObjDesc>crud_servidor_temporario_dp</ObjDesc>
<ObjPgmName>crud_servidor_temporario_dp</ObjPgmName>
<ObjClsName>DataProvider</ObjClsName></Object>
<Result>nogenspc</Result>
<Warnings>
<Warning>
<MsgCode>spc0217</MsgCode>
<Message>
<Token>Object is unreachable.</Token></Message></Warning></Warnings>
<Errors></Errors>
<Generator>
<GenId>12</GenId>
<GenName>Default (Java)</GenName></Generator>
<FormClass>HTML</FormClass>
<Parameters></Parameters></ObjectSpec>