
<ObjectSpec>
<SpecVersion>18_0_8-180599</SpecVersion>
<Object>
<ObjClsGuid>84a12160-f59b-4ad7-a683-ea4481ac23e9</ObjClsGuid>
<ObjCls>1</ObjCls>
<ObjId>31</ObjId>
<ObjName>crud_unidade_post</ObjName>
<ObjDesc>crud_unidade_post</ObjDesc>
<ObjPgmName>crud_unidade_post</ObjPgmName>
<ObjClsName>Procedure</ObjClsName></Object>
<Result>genreq</Result>
<Warnings></Warnings>
<Errors></Errors>
<OutputDevices>
<Device>None</Device></OutputDevices>
<Generator>
<GenId>12</GenId>
<GenName>Default (Java)</GenName></Generator>
<FormClass>Graphic</FormClass>
<Parameters>
<Parameter>
<IO>in</IO>
<Variable>
<VarId>Crud_unidade_sdt</VarId>
<VarName>&amp;crud_unidade_sdt</VarName></Variable></Parameter>
<Parameter>
<IO>out</IO>
<Variable>
<VarId>Messages</VarId>
<VarName>&amp;Messages</VarName></Variable></Parameter></Parameters>
<Levels>
<Level>
<LevelNumber>2</LevelNumber>
<Optimizations></Optimizations>
<LevelType>For Each</LevelType>
<LevelBeginRow>54</LevelBeginRow>
<BaseTable>
<Table>
<TableId>2</TableId>
<TableName>unidade</TableName>
<Description>unidade</Description></Table></BaseTable>
<Order>
<Attribute>
<AttriId>1</AttriId>
<AttriName>unid_id</AttriName>
<Description>unid_id</Description></Attribute></Order>
<Condition></Condition>
<IndexName>IUNIDADE</IndexName>
<LevelOptions></LevelOptions>
<OptimizedWhere>
<StartFrom>
<Condition>
<Token>FirstRecord</Token></Condition></StartFrom>
<LoopWhile>
<Condition>
<Token>NotEndOfTable</Token></Condition></LoopWhile></OptimizedWhere>
<NonOptimizedWhere>
<Condition>
<Attribute>
<AttriId>9</AttriId>
<AttriName>unid_nome</AttriName>
<Description>unid_nome</Description></Attribute>
<Token>.</Token>
<Token>toupper(</Token>
<Token>)</Token>
<Sp></Sp>
<Token>=</Token>
<Sp></Sp>
<Variable>
<VarId>Crud_unidade_sdt</VarId>
<VarName>&amp;crud_unidade_sdt</VarName></Variable>
<Token>.</Token>
<Token>Unid_nome</Token>
<Token>.</Token>
<Token>toupper(</Token>
<Token>)</Token></Condition></NonOptimizedWhere>
<NavigationTree>
<Table>
<TableId>2</TableId>
<TableName>unidade</TableName>
<Description>unidade</Description>
<RecordsToRead>many</RecordsToRead>
<KeyAttributes>
<Attribute>
<AttriId>1</AttriId>
<AttriName>unid_id</AttriName>
<Description>unid_id</Description></Attribute></KeyAttributes>
<Tables></Tables></Table></NavigationTree>
<TablesToUpdate></TablesToUpdate>
<Formulas>
<VerticalFormulas></VerticalFormulas>
<AggSelFormulas></AggSelFormulas></Formulas>
<Levels></Levels></Level>
<Level>
<LevelNumber>3</LevelNumber>
<Optimizations>
<Optimization>
<Type>FirstRows</Type>
<MaxRows>1</MaxRows></Optimization></Optimizations>
<LevelType>For Each</LevelType>
<LevelBeginRow>68</LevelBeginRow>
<BaseTable>
<Table>
<TableId>9</TableId>
<TableName>endereco</TableName>
<Description>endereco</Description></Table></BaseTable>
<Order>
<Attribute>
<AttriId>2</AttriId>
<AttriName>end_id</AttriName>
<Description>end_id</Description></Attribute></Order>
<Condition></Condition>
<IndexName>IENDERECO</IndexName>
<LevelOptions></LevelOptions>
<OptimizedWhere>
<StartFrom>
<Condition>
<Token>FirstRecord</Token></Condition></StartFrom>
<LoopWhile>
<Condition>
<Token>NotEndOfTable</Token></Condition></LoopWhile></OptimizedWhere>
<NonOptimizedWhere>
<Condition>
<Attribute>
<AttriId>24</AttriId>
<AttriName>end_tipo_endereco</AttriName>
<Description>end_tipo_endereco</Description></Attribute>
<Token>.</Token>
<Token>toupper(</Token>
<Token>)</Token>
<Sp></Sp>
<Token>=</Token>
<Sp></Sp>
<Variable>
<VarId>Crud_unidade_sdt</VarId>
<VarName>&amp;crud_unidade_sdt</VarName></Variable>
<Token>.</Token>
<Token>End_tipo_endereco</Token>
<Token>.</Token>
<Token>toupper(</Token>
<Token>)</Token></Condition>
<Condition>
<Attribute>
<AttriId>25</AttriId>
<AttriName>end_logradouro</AttriName>
<Description>end_logradouro</Description></Attribute>
<Token>.</Token>
<Token>toupper(</Token>
<Token>)</Token>
<Sp></Sp>
<Token>=</Token>
<Sp></Sp>
<Variable>
<VarId>Crud_unidade_sdt</VarId>
<VarName>&amp;crud_unidade_sdt</VarName></Variable>
<Token>.</Token>
<Token>End_logradouro</Token>
<Token>.</Token>
<Token>toupper(</Token>
<Token>)</Token></Condition>
<Condition>
<Attribute>
<AttriId>27</AttriId>
<AttriName>end_bairro</AttriName>
<Description>end_bairro</Description></Attribute>
<Token>.</Token>
<Token>toupper(</Token>
<Token>)</Token>
<Sp></Sp>
<Token>=</Token>
<Sp></Sp>
<Variable>
<VarId>Crud_unidade_sdt</VarId>
<VarName>&amp;crud_unidade_sdt</VarName></Variable>
<Token>.</Token>
<Token>End_bairro</Token>
<Token>.</Token>
<Token>toupper(</Token>
<Token>)</Token></Condition>
<Condition>
<Attribute>
<AttriId>28</AttriId>
<AttriName>cid_nome</AttriName>
<Description>cid_nome</Description></Attribute>
<Token>.</Token>
<Token>toupper(</Token>
<Token>)</Token>
<Sp></Sp>
<Token>=</Token>
<Sp></Sp>
<Variable>
<VarId>Crud_unidade_sdt</VarId>
<VarName>&amp;crud_unidade_sdt</VarName></Variable>
<Token>.</Token>
<Token>Cid_nome</Token>
<Token>.</Token>
<Token>toupper(</Token>
<Token>)</Token></Condition>
<Condition>
<Attribute>
<AttriId>29</AttriId>
<AttriName>cid_uf</AttriName>
<Description>cid_uf</Description></Attribute>
<Token>.</Token>
<Token>toupper(</Token>
<Token>)</Token>
<Sp></Sp>
<Token>=</Token>
<Sp></Sp>
<Variable>
<VarId>Crud_unidade_sdt</VarId>
<VarName>&amp;crud_unidade_sdt</VarName></Variable>
<Token>.</Token>
<Token>Cid_uf</Token>
<Token>.</Token>
<Token>toupper(</Token>
<Token>)</Token></Condition>
<Condition>
<Attribute>
<AttriId>26</AttriId>
<AttriName>end_numero</AttriName>
<Description>end_numero</Description></Attribute>
<Sp></Sp>
<Token>=</Token>
<Sp></Sp>
<Variable>
<VarId>Crud_unidade_sdt</VarId>
<VarName>&amp;crud_unidade_sdt</VarName></Variable>
<Token>.</Token>
<Token>End_numero</Token></Condition></NonOptimizedWhere>
<JoinLocation>1</JoinLocation>
<NavigationTree>
<Table>
<TableId>9</TableId>
<TableName>endereco</TableName>
<Description>endereco</Description>
<RecordsToRead>many</RecordsToRead>
<KeyAttributes>
<Attribute>
<AttriId>2</AttriId>
<AttriName>end_id</AttriName>
<Description>end_id</Description></Attribute></KeyAttributes>
<Tables>
<Table>
<TableId>10</TableId>
<TableName>cidade</TableName>
<Description>cidade</Description>
<RecordsToRead>one</RecordsToRead>
<KeyAttributes>
<Attribute>
<AttriId>8</AttriId>
<AttriName>cid_id</AttriName>
<Description>cid_id</Description></Attribute></KeyAttributes>
<JoinType>Outer</JoinType>
<Tables></Tables></Table></Tables></Table></NavigationTree>
<TablesToUpdate></TablesToUpdate>
<Formulas>
<VerticalFormulas></VerticalFormulas>
<AggSelFormulas></AggSelFormulas></Formulas>
<Levels></Levels></Level>
<Level>
<LevelNumber>4</LevelNumber>
<Optimizations></Optimizations>
<LevelType>For Each</LevelType>
<LevelBeginRow>88</LevelBeginRow>
<BaseTable>
<Table>
<TableId>10</TableId>
<TableName>cidade</TableName>
<Description>cidade</Description></Table></BaseTable>
<Order>
<Attribute>
<AttriId>8</AttriId>
<AttriName>cid_id</AttriName>
<Description>cid_id</Description></Attribute></Order>
<Condition></Condition>
<IndexName>ICIDADE</IndexName>
<LevelOptions></LevelOptions>
<OptimizedWhere>
<StartFrom>
<Condition>
<Token>FirstRecord</Token></Condition></StartFrom>
<LoopWhile>
<Condition>
<Token>NotEndOfTable</Token></Condition></LoopWhile></OptimizedWhere>
<NonOptimizedWhere>
<Condition>
<Attribute>
<AttriId>28</AttriId>
<AttriName>cid_nome</AttriName>
<Description>cid_nome</Description></Attribute>
<Token>.</Token>
<Token>toupper(</Token>
<Token>)</Token>
<Sp></Sp>
<Token>=</Token>
<Sp></Sp>
<Variable>
<VarId>Crud_unidade_sdt</VarId>
<VarName>&amp;crud_unidade_sdt</VarName></Variable>
<Token>.</Token>
<Token>Cid_nome</Token>
<Token>.</Token>
<Token>toupper(</Token>
<Token>)</Token></Condition>
<Condition>
<Attribute>
<AttriId>29</AttriId>
<AttriName>cid_uf</AttriName>
<Description>cid_uf</Description></Attribute>
<Token>.</Token>
<Token>toupper(</Token>
<Token>)</Token>
<Sp></Sp>
<Token>=</Token>
<Sp></Sp>
<Variable>
<VarId>Crud_unidade_sdt</VarId>
<VarName>&amp;crud_unidade_sdt</VarName></Variable>
<Token>.</Token>
<Token>Cid_uf</Token>
<Token>.</Token>
<Token>toupper(</Token>
<Token>)</Token></Condition></NonOptimizedWhere>
<NavigationTree>
<Table>
<TableId>10</TableId>
<TableName>cidade</TableName>
<Description>cidade</Description>
<RecordsToRead>many</RecordsToRead>
<KeyAttributes>
<Attribute>
<AttriId>8</AttriId>
<AttriName>cid_id</AttriName>
<Description>cid_id</Description></Attribute></KeyAttributes>
<Tables></Tables></Table></NavigationTree>
<TablesToUpdate></TablesToUpdate>
<Formulas>
<VerticalFormulas></VerticalFormulas>
<AggSelFormulas></AggSelFormulas></Formulas>
<Levels></Levels></Level></Levels></ObjectSpec>