
<ObjectSpec>
<SpecVersion>18_0_8-180599</SpecVersion>
<Object>
<ObjClsGuid>84a12160-f59b-4ad7-a683-ea4481ac23e9</ObjClsGuid>
<ObjCls>1</ObjCls>
<ObjId>58</ObjId>
<ObjName>crud_foto_pessoa_post</ObjName>
<ObjDesc>crud_foto_pessoa_post</ObjDesc>
<ObjPgmName>crud_foto_pessoa_post</ObjPgmName>
<ObjClsName>Procedure</ObjClsName></Object>
<Result>genreq</Result>
<Warnings></Warnings>
<Errors></Errors>
<OutputDevices>
<Device>None</Device></OutputDevices>
<Generator>
<GenId>12</GenId>
<GenName>Default (Java)</GenName></Generator>
<FormClass>Graphic</FormClass>
<Parameters>
<Parameter>
<IO>in</IO>
<Variable>
<VarId>Crud_foto_pessoa_post_sdt</VarId>
<VarName>&amp;crud_foto_pessoa_post_sdt</VarName></Variable></Parameter>
<Parameter>
<IO>out</IO>
<Variable>
<VarId>Messages</VarId>
<VarName>&amp;Messages</VarName></Variable></Parameter></Parameters>
<Levels>
<Level>
<LevelNumber>2</LevelNumber>
<Optimizations></Optimizations>
<LevelType>For First</LevelType>
<LevelBeginRow>9</LevelBeginRow>
<BaseTable>
<Table>
<TableId>6</TableId>
<TableName>pessoa</TableName>
<Description>cadastro pessoa</Description></Table></BaseTable>
<Order>
<Attribute>
<AttriId>5</AttriId>
<AttriName>pes_id</AttriName>
<Description>pes_id</Description></Attribute></Order>
<Condition></Condition>
<IndexName>IPESSOA</IndexName>
<LevelOptions></LevelOptions>
<OptimizedWhere>
<StartFrom>
<Condition>
<Attribute>
<AttriId>5</AttriId>
<AttriName>pes_id</AttriName>
<Description>pes_id</Description></Attribute>
<Sp></Sp>
<Token>=</Token>
<Sp></Sp>
<Variable>
<VarId>Crud_foto_pessoa_post_sdt</VarId>
<VarName>&amp;crud_foto_pessoa_post_sdt</VarName></Variable>
<Token>.</Token>
<Token>Pes_id</Token></Condition></StartFrom>
<LoopWhile>
<Condition>
<Attribute>
<AttriId>5</AttriId>
<AttriName>pes_id</AttriName>
<Description>pes_id</Description></Attribute>
<Sp></Sp>
<Token>=</Token>
<Sp></Sp>
<Variable>
<VarId>Crud_foto_pessoa_post_sdt</VarId>
<VarName>&amp;crud_foto_pessoa_post_sdt</VarName></Variable>
<Token>.</Token>
<Token>Pes_id</Token></Condition></LoopWhile></OptimizedWhere>
<NonOptimizedWhere></NonOptimizedWhere>
<NavigationTree>
<Table>
<TableId>6</TableId>
<TableName>pessoa</TableName>
<Description>cadastro pessoa</Description>
<RecordsToRead>many</RecordsToRead>
<KeyAttributes>
<Attribute>
<AttriId>5</AttriId>
<AttriName>pes_id</AttriName>
<Description>pes_id</Description></Attribute></KeyAttributes>
<Tables></Tables></Table></NavigationTree>
<TablesToUpdate></TablesToUpdate>
<Formulas>
<VerticalFormulas></VerticalFormulas>
<AggSelFormulas></AggSelFormulas></Formulas>
<Levels></Levels></Level></Levels></ObjectSpec>