
<ObjectSpec>
<SpecVersion>18_0_8-180599</SpecVersion>
<Object>
<ObjClsGuid>84a12160-f59b-4ad7-a683-ea4481ac23e9</ObjClsGuid>
<ObjCls>1</ObjCls>
<ObjId>51</ObjId>
<ObjName>crud_efetivo_unidade_get</ObjName>
<ObjDesc>crud_efetivo_unidade_get</ObjDesc>
<ObjPgmName>crud_efetivo_unidade_get</ObjPgmName>
<ObjClsName>Procedure</ObjClsName></Object>
<Result>genreq</Result>
<Warnings>
<Warning>
<MsgCode>src0306</MsgCode>
<Location>
<Type>Source</Type>
<Line>29</Line></Location>
<Message>
<Token>Subroutine ''BuscaUnidade'' is defined but never used.</Token></Message></Warning>
<Warning>
<MsgCode>spc0051</MsgCode>
<Message>
<Token>Supertype </Token>
<Attribute>
<AttriId>14</AttriId>
<AttriName>pes_nome</AttriName>
<Description>pes_nome</Description></Attribute>
<Token> cannot be instantiated. Use subtype </Token>
<Attribute>
<AttriId>32</AttriId>
<AttriName>se_pes_nome</AttriName>
<Description>se_pes_nome</Description></Attribute>
<Token> instead</Token>
<Token> in group starting at line </Token>
<Token>30</Token>
<Token></Token>
<Token>.</Token></Message></Warning>
<Warning>
<MsgCode>spc0043</MsgCode>
<Message>
<Token></Token>
<Attribute>
<AttriId>13</AttriId>
<AttriName>se_matricula</AttriName>
<Description>se_matricula</Description></Attribute>
<Token> is not instantiated</Token>
<Token> in group starting at line </Token>
<Token>6</Token>
<Token></Token>
<Token>.</Token></Message></Warning>
<Warning>
<MsgCode>spc0043</MsgCode>
<Message>
<Token></Token>
<Attribute>
<AttriId>4</AttriId>
<AttriName>se_pes_id</AttriName>
<Description>se_pes_id</Description></Attribute>
<Token> is not instantiated</Token>
<Token> in group starting at line </Token>
<Token>6</Token>
<Token></Token>
<Token>.</Token></Message></Warning></Warnings>
<Errors></Errors>
<OutputDevices>
<Device>None</Device></OutputDevices>
<Generator>
<GenId>12</GenId>
<GenName>Default (Java)</GenName></Generator>
<FormClass>Graphic</FormClass>
<Parameters>
<Parameter>
<IO>in</IO>
<Variable>
<VarId>Unid_id</VarId>
<VarName>&amp;unid_id</VarName></Variable></Parameter>
<Parameter>
<IO>in</IO>
<Variable>
<VarId>Pagina</VarId>
<VarName>&amp;Pagina</VarName></Variable></Parameter>
<Parameter>
<IO>in</IO>
<Variable>
<VarId>Qtdregistro</VarId>
<VarName>&amp;QtdRegistro</VarName></Variable></Parameter>
<Parameter>
<IO>out</IO>
<Variable>
<VarId>Crud_efetivo_unidade_get_sdt</VarId>
<VarName>&amp;crud_efetivo_unidade_get_sdt</VarName></Variable></Parameter>
<Parameter>
<IO>out</IO>
<Variable>
<VarId>Messages</VarId>
<VarName>&amp;Messages</VarName></Variable></Parameter></Parameters>
<Levels>
<Level>
<LevelNumber>2</LevelNumber>
<Optimizations></Optimizations>
<LevelType>For Each</LevelType>
<LevelBeginRow>6</LevelBeginRow>
<BaseTable>
<Table>
<TableId>7</TableId>
<TableName>lotacao</TableName>
<Description>lotacao</Description></Table></BaseTable>
<Order>
<Attribute>
<AttriId>6</AttriId>
<AttriName>lot_id</AttriName>
<Description>lot_id</Description></Attribute></Order>
<Condition></Condition>
<IndexName>ILOTACAO</IndexName>
<LevelOptions></LevelOptions>
<OptimizedWhere>
<StartFrom>
<Condition>
<Token>FirstRecord</Token></Condition></StartFrom>
<LoopWhile>
<Condition>
<Token>NotEndOfTable</Token></Condition></LoopWhile></OptimizedWhere>
<NonOptimizedWhere>
<ConditionalConstraint>
<Constraint>
<Attribute>
<AttriId>1</AttriId>
<AttriName>unid_id</AttriName>
<Description>unid_id</Description></Attribute>
<Sp></Sp>
<Token>=</Token>
<Sp></Sp>
<Variable>
<VarId>Unid_id</VarId>
<VarName>&amp;unid_id</VarName></Variable></Constraint>
<Condition>
<Token>not</Token>
<Sp></Sp>
<Variable>
<VarId>Unid_id</VarId>
<VarName>&amp;unid_id</VarName></Variable>
<Token>.</Token>
<Token>isempty(</Token>
<Token>)</Token></Condition></ConditionalConstraint></NonOptimizedWhere>
<JoinLocation>1</JoinLocation>
<NavigationTree>
<Table>
<TableId>7</TableId>
<TableName>lotacao</TableName>
<Description>lotacao</Description>
<RecordsToRead>many</RecordsToRead>
<KeyAttributes>
<Attribute>
<AttriId>6</AttriId>
<AttriName>lot_id</AttriName>
<Description>lot_id</Description></Attribute></KeyAttributes>
<Tables>
<Table>
<TableId>6</TableId>
<TableName>pessoa</TableName>
<Description>cadastro pessoa</Description>
<RecordsToRead>one</RecordsToRead>
<KeyAttributes>
<Attribute>
<AttriId>5</AttriId>
<AttriName>pes_id</AttriName>
<Description>pes_id</Description></Attribute></KeyAttributes>
<Tables></Tables></Table>
<Table>
<TableId>2</TableId>
<TableName>unidade</TableName>
<Description>unidade</Description>
<RecordsToRead>one</RecordsToRead>
<KeyAttributes>
<Attribute>
<AttriId>1</AttriId>
<AttriName>unid_id</AttriName>
<Description>unid_id</Description></Attribute></KeyAttributes>
<Tables></Tables></Table></Tables></Table></NavigationTree>
<TablesToUpdate></TablesToUpdate>
<Formulas>
<VerticalFormulas></VerticalFormulas>
<AggSelFormulas></AggSelFormulas></Formulas>
<Levels></Levels></Level>
<Level>
<LevelNumber>3</LevelNumber>
<Optimizations></Optimizations>
<LevelType>For First</LevelType>
<LevelBeginRow>30</LevelBeginRow>
<BaseTable>
<Table>
<TableId>4</TableId>
<TableName>servidor_efetivo</TableName>
<Description>servidor_efetivo</Description></Table></BaseTable>
<Order>
<Attribute>
<AttriId>4</AttriId>
<AttriName>se_pes_id</AttriName>
<Description>se_pes_id</Description></Attribute></Order>
<Condition></Condition>
<IndexName>ISERVIDOR_EFETIVO</IndexName>
<LevelOptions></LevelOptions>
<OptimizedWhere>
<StartFrom>
<Condition>
<Attribute>
<AttriId>4</AttriId>
<AttriName>se_pes_id</AttriName>
<Description>se_pes_id</Description></Attribute>
<Sp></Sp>
<Token>=</Token>
<Sp></Sp>
<Variable>
<VarId>Pes_id</VarId>
<VarName>&amp;pes_id</VarName></Variable></Condition></StartFrom>
<LoopWhile>
<Condition>
<Attribute>
<AttriId>4</AttriId>
<AttriName>se_pes_id</AttriName>
<Description>se_pes_id</Description></Attribute>
<Sp></Sp>
<Token>=</Token>
<Sp></Sp>
<Variable>
<VarId>Pes_id</VarId>
<VarName>&amp;pes_id</VarName></Variable></Condition></LoopWhile></OptimizedWhere>
<NonOptimizedWhere></NonOptimizedWhere>
<JoinLocation>1</JoinLocation>
<NavigationTree>
<Table>
<TableId>4</TableId>
<TableName>servidor_efetivo</TableName>
<Description>servidor_efetivo</Description>
<RecordsToRead>many</RecordsToRead>
<KeyAttributes>
<Attribute>
<AttriId>4</AttriId>
<AttriName>se_pes_id</AttriName>
<Description>se_pes_id</Description></Attribute></KeyAttributes>
<Tables>
<Table>
<TableId>6</TableId>
<TableName>pessoa</TableName>
<Description>cadastro pessoa</Description>
<RecordsToRead>one</RecordsToRead>
<KeyAttributes>
<Attribute>
<AttriId>4</AttriId>
<AttriName>se_pes_id</AttriName>
<Description>se_pes_id</Description></Attribute></KeyAttributes>
<Tables></Tables></Table></Tables></Table></NavigationTree>
<TablesToUpdate></TablesToUpdate>
<Formulas>
<VerticalFormulas></VerticalFormulas>
<AggSelFormulas></AggSelFormulas></Formulas>
<Levels></Levels></Level></Levels></ObjectSpec>