
<ObjectSpec>
<SpecVersion>18_0_8-180599</SpecVersion>
<Object>
<ObjClsGuid>84a12160-f59b-4ad7-a683-ea4481ac23e9</ObjClsGuid>
<ObjCls>1</ObjCls>
<ObjId>73</ObjId>
<ObjName>crud_foto_pessoa_get</ObjName>
<ObjDesc>crud_foto_pessoa_get</ObjDesc>
<ObjPgmName>crud_foto_pessoa_get</ObjPgmName>
<ObjClsName>Procedure</ObjClsName></Object>
<Result>genreq</Result>
<Warnings></Warnings>
<Errors></Errors>
<OutputDevices>
<Device>None</Device></OutputDevices>
<Generator>
<GenId>12</GenId>
<GenName>Default (Java)</GenName></Generator>
<FormClass>Graphic</FormClass>
<Parameters>
<Parameter>
<IO>in</IO>
<Variable>
<VarId>Pes_id</VarId>
<VarName>&amp;pes_id</VarName></Variable></Parameter>
<Parameter>
<IO>out</IO>
<Variable>
<VarId>Fotografialink</VarId>
<VarName>&amp;fotografialink</VarName></Variable></Parameter></Parameters>
<Levels>
<Level>
<LevelNumber>2</LevelNumber>
<Optimizations></Optimizations>
<LevelType>For Each</LevelType>
<LevelBeginRow>1</LevelBeginRow>
<BaseTable>
<Table>
<TableId>8</TableId>
<TableName>foto_pessoa</TableName>
<Description>foto_pessoa</Description></Table></BaseTable>
<Order>
<Attribute>
<AttriId>5</AttriId>
<AttriName>pes_id</AttriName>
<Description>pes_id</Description></Attribute></Order>
<Condition></Condition>
<IndexName>IFOTO_PESSOA1</IndexName>
<LevelOptions></LevelOptions>
<OptimizedWhere>
<StartFrom>
<Condition>
<Attribute>
<AttriId>5</AttriId>
<AttriName>pes_id</AttriName>
<Description>pes_id</Description></Attribute>
<Sp></Sp>
<Token>=</Token>
<Sp></Sp>
<Variable>
<VarId>Pes_id</VarId>
<VarName>&amp;pes_id</VarName></Variable></Condition></StartFrom>
<LoopWhile>
<Condition>
<Attribute>
<AttriId>5</AttriId>
<AttriName>pes_id</AttriName>
<Description>pes_id</Description></Attribute>
<Sp></Sp>
<Token>=</Token>
<Sp></Sp>
<Variable>
<VarId>Pes_id</VarId>
<VarName>&amp;pes_id</VarName></Variable></Condition></LoopWhile></OptimizedWhere>
<NonOptimizedWhere></NonOptimizedWhere>
<NavigationTree>
<Table>
<TableId>8</TableId>
<TableName>foto_pessoa</TableName>
<Description>foto_pessoa</Description>
<RecordsToRead>many</RecordsToRead>
<KeyAttributes>
<Attribute>
<AttriId>7</AttriId>
<AttriName>fp_id</AttriName>
<Description>fp_id</Description></Attribute></KeyAttributes>
<Tables></Tables></Table></NavigationTree>
<TablesToUpdate></TablesToUpdate>
<Formulas>
<VerticalFormulas></VerticalFormulas>
<AggSelFormulas></AggSelFormulas></Formulas>
<Levels></Levels></Level></Levels></ObjectSpec>