
<ObjectSpec>
<SpecVersion>18_0_8-180599</SpecVersion>
<Object>
<ObjClsGuid>84a12160-f59b-4ad7-a683-ea4481ac23e9</ObjClsGuid>
<ObjCls>1</ObjCls>
<ObjId>43</ObjId>
<ObjName>crud_servidor_efetivo_put</ObjName>
<ObjDesc>crud_servidor_efetivo_put</ObjDesc>
<ObjPgmName>crud_servidor_efetivo_put</ObjPgmName>
<ObjClsName>Procedure</ObjClsName></Object>
<Result>genreq</Result>
<Warnings></Warnings>
<Errors></Errors>
<OutputDevices>
<Device>None</Device></OutputDevices>
<Generator>
<GenId>12</GenId>
<GenName>Default (Java)</GenName></Generator>
<FormClass>Graphic</FormClass>
<Parameters>
<Parameter>
<IO>in</IO>
<Variable>
<VarId>Crud_servidor_efetivo_put_sdt</VarId>
<VarName>&amp;crud_servidor_efetivo_put_sdt</VarName></Variable></Parameter>
<Parameter>
<IO>out</IO>
<Variable>
<VarId>Messages</VarId>
<VarName>&amp;Messages</VarName></Variable></Parameter></Parameters>
<Levels>
<Level>
<LevelNumber>2</LevelNumber>
<Optimizations></Optimizations>
<LevelType>For First</LevelType>
<LevelBeginRow>9</LevelBeginRow>
<BaseTable>
<Table>
<TableId>4</TableId>
<TableName>servidor_efetivo</TableName>
<Description>servidor_efetivo</Description></Table></BaseTable>
<Order>
<Attribute>
<AttriId>4</AttriId>
<AttriName>se_pes_id</AttriName>
<Description>se_pes_id</Description></Attribute></Order>
<Condition></Condition>
<IndexName>ISERVIDOR_EFETIVO</IndexName>
<LevelOptions></LevelOptions>
<OptimizedWhere>
<StartFrom>
<Condition>
<Attribute>
<AttriId>4</AttriId>
<AttriName>se_pes_id</AttriName>
<Description>se_pes_id</Description></Attribute>
<Sp></Sp>
<Token>=</Token>
<Sp></Sp>
<Variable>
<VarId>Crud_servidor_efetivo_put_sdt</VarId>
<VarName>&amp;crud_servidor_efetivo_put_sdt</VarName></Variable>
<Token>.</Token>
<Token>Se_pes_id</Token></Condition></StartFrom>
<LoopWhile>
<Condition>
<Attribute>
<AttriId>4</AttriId>
<AttriName>se_pes_id</AttriName>
<Description>se_pes_id</Description></Attribute>
<Sp></Sp>
<Token>=</Token>
<Sp></Sp>
<Variable>
<VarId>Crud_servidor_efetivo_put_sdt</VarId>
<VarName>&amp;crud_servidor_efetivo_put_sdt</VarName></Variable>
<Token>.</Token>
<Token>Se_pes_id</Token></Condition></LoopWhile></OptimizedWhere>
<NonOptimizedWhere></NonOptimizedWhere>
<NavigationTree>
<Table>
<TableId>4</TableId>
<TableName>servidor_efetivo</TableName>
<Description>servidor_efetivo</Description>
<RecordsToRead>many</RecordsToRead>
<KeyAttributes>
<Attribute>
<AttriId>4</AttriId>
<AttriName>se_pes_id</AttriName>
<Description>se_pes_id</Description></Attribute></KeyAttributes>
<Tables></Tables></Table></NavigationTree>
<TablesToUpdate></TablesToUpdate>
<Formulas>
<VerticalFormulas></VerticalFormulas>
<AggSelFormulas></AggSelFormulas></Formulas>
<Levels></Levels></Level>
<Level>
<LevelNumber>3</LevelNumber>
<Optimizations></Optimizations>
<LevelType>For First</LevelType>
<LevelBeginRow>22</LevelBeginRow>
<BaseTable>
<Table>
<TableId>9</TableId>
<TableName>endereco</TableName>
<Description>endereco</Description></Table></BaseTable>
<Order>
<Attribute>
<AttriId>2</AttriId>
<AttriName>end_id</AttriName>
<Description>end_id</Description></Attribute></Order>
<Condition></Condition>
<IndexName>IENDERECO</IndexName>
<LevelOptions></LevelOptions>
<OptimizedWhere>
<StartFrom>
<Condition>
<Attribute>
<AttriId>2</AttriId>
<AttriName>end_id</AttriName>
<Description>end_id</Description></Attribute>
<Sp></Sp>
<Token>=</Token>
<Sp></Sp>
<Variable>
<VarId>Crud_servidor_efetivo_put_sdt</VarId>
<VarName>&amp;crud_servidor_efetivo_put_sdt</VarName></Variable>
<Token>.</Token>
<Token>End_id</Token></Condition></StartFrom>
<LoopWhile>
<Condition>
<Attribute>
<AttriId>2</AttriId>
<AttriName>end_id</AttriName>
<Description>end_id</Description></Attribute>
<Sp></Sp>
<Token>=</Token>
<Sp></Sp>
<Variable>
<VarId>Crud_servidor_efetivo_put_sdt</VarId>
<VarName>&amp;crud_servidor_efetivo_put_sdt</VarName></Variable>
<Token>.</Token>
<Token>End_id</Token></Condition></LoopWhile></OptimizedWhere>
<NonOptimizedWhere></NonOptimizedWhere>
<NavigationTree>
<Table>
<TableId>9</TableId>
<TableName>endereco</TableName>
<Description>endereco</Description>
<RecordsToRead>many</RecordsToRead>
<KeyAttributes>
<Attribute>
<AttriId>2</AttriId>
<AttriName>end_id</AttriName>
<Description>end_id</Description></Attribute></KeyAttributes>
<Tables></Tables></Table></NavigationTree>
<TablesToUpdate></TablesToUpdate>
<Formulas>
<VerticalFormulas></VerticalFormulas>
<AggSelFormulas></AggSelFormulas></Formulas>
<Levels></Levels></Level>
<Level>
<LevelNumber>4</LevelNumber>
<Optimizations>
<Optimization>
<Type>Delete</Type></Optimization></Optimizations>
<LevelType>For Each</LevelType>
<LevelBeginRow>53</LevelBeginRow>
<BaseTable>
<Table>
<TableId>5</TableId>
<TableName>pessoa_endereco</TableName>
<Description>pessoa_endereco</Description></Table></BaseTable>
<Order>
<Attribute>
<AttriId>5</AttriId>
<AttriName>pes_id</AttriName>
<Description>pes_id</Description></Attribute></Order>
<Condition></Condition>
<IndexName>IPESSOA_ENDERECO</IndexName>
<LevelOptions></LevelOptions>
<OptimizedWhere>
<StartFrom>
<Condition>
<Attribute>
<AttriId>5</AttriId>
<AttriName>pes_id</AttriName>
<Description>pes_id</Description></Attribute>
<Sp></Sp>
<Token>=</Token>
<Sp></Sp>
<Variable>
<VarId>Crud_servidor_efetivo_put_sdt</VarId>
<VarName>&amp;crud_servidor_efetivo_put_sdt</VarName></Variable>
<Token>.</Token>
<Token>Se_pes_id</Token></Condition></StartFrom>
<LoopWhile>
<Condition>
<Attribute>
<AttriId>5</AttriId>
<AttriName>pes_id</AttriName>
<Description>pes_id</Description></Attribute>
<Sp></Sp>
<Token>=</Token>
<Sp></Sp>
<Variable>
<VarId>Crud_servidor_efetivo_put_sdt</VarId>
<VarName>&amp;crud_servidor_efetivo_put_sdt</VarName></Variable>
<Token>.</Token>
<Token>Se_pes_id</Token></Condition></LoopWhile></OptimizedWhere>
<NonOptimizedWhere></NonOptimizedWhere>
<NavigationTree>
<Table>
<TableId>5</TableId>
<TableName>pessoa_endereco</TableName>
<Description>pessoa_endereco</Description>
<Updated>Yes</Updated>
<RecordsToRead>many</RecordsToRead>
<KeyAttributes>
<Attribute>
<AttriId>5</AttriId>
<AttriName>pes_id</AttriName>
<Description>pes_id</Description></Attribute>
<Attribute>
<AttriId>2</AttriId>
<AttriName>end_id</AttriName>
<Description>end_id</Description></Attribute></KeyAttributes>
<Tables></Tables></Table></NavigationTree>
<TablesToUpdate>
<TableToUpdate>
<Table>
<TableId>5</TableId>
<TableName>pessoa_endereco</TableName>
<Description>pessoa_endereco</Description></Table>
<TableAction>delete</TableAction>
<AttrisToUpdate></AttrisToUpdate></TableToUpdate></TablesToUpdate>
<Formulas>
<VerticalFormulas></VerticalFormulas>
<AggSelFormulas></AggSelFormulas></Formulas>
<Levels></Levels></Level></Levels></ObjectSpec>