
<ObjectSpec>
<SpecVersion>18_0_8-180599</SpecVersion>
<Object>
<ObjClsGuid>84a12160-f59b-4ad7-a683-ea4481ac23e9</ObjClsGuid>
<ObjCls>1</ObjCls>
<ObjId>65</ObjId>
<ObjName>crud_endereco_put</ObjName>
<ObjDesc>crud_endereco_put</ObjDesc>
<ObjPgmName>crud_endereco_put</ObjPgmName>
<ObjClsName>Procedure</ObjClsName></Object>
<Result>genreq</Result>
<Warnings></Warnings>
<Errors></Errors>
<OutputDevices>
<Device>None</Device></OutputDevices>
<Generator>
<GenId>12</GenId>
<GenName>Default (Java)</GenName></Generator>
<FormClass>Graphic</FormClass>
<Parameters>
<Parameter>
<IO>in</IO>
<Variable>
<VarId>Crud_endereco_put_sdt</VarId>
<VarName>&amp;crud_endereco_put_sdt</VarName></Variable></Parameter>
<Parameter>
<IO>out</IO>
<Variable>
<VarId>Messages</VarId>
<VarName>&amp;Messages</VarName></Variable></Parameter></Parameters>
<Levels>
<Level>
<LevelNumber>2</LevelNumber>
<Optimizations></Optimizations>
<LevelType>For First</LevelType>
<LevelBeginRow>32</LevelBeginRow>
<BaseTable>
<Table>
<TableId>10</TableId>
<TableName>cidade</TableName>
<Description>cidade</Description></Table></BaseTable>
<Order>
<Attribute>
<AttriId>8</AttriId>
<AttriName>cid_id</AttriName>
<Description>cid_id</Description></Attribute></Order>
<Condition></Condition>
<IndexName>ICIDADE</IndexName>
<LevelOptions></LevelOptions>
<OptimizedWhere>
<StartFrom>
<Condition>
<Attribute>
<AttriId>8</AttriId>
<AttriName>cid_id</AttriName>
<Description>cid_id</Description></Attribute>
<Sp></Sp>
<Token>=</Token>
<Sp></Sp>
<Variable>
<VarId>Crud_endereco_put_sdt</VarId>
<VarName>&amp;crud_endereco_put_sdt</VarName></Variable>
<Token>.</Token>
<Token>Cid_id</Token></Condition></StartFrom>
<LoopWhile>
<Condition>
<Attribute>
<AttriId>8</AttriId>
<AttriName>cid_id</AttriName>
<Description>cid_id</Description></Attribute>
<Sp></Sp>
<Token>=</Token>
<Sp></Sp>
<Variable>
<VarId>Crud_endereco_put_sdt</VarId>
<VarName>&amp;crud_endereco_put_sdt</VarName></Variable>
<Token>.</Token>
<Token>Cid_id</Token></Condition></LoopWhile></OptimizedWhere>
<NonOptimizedWhere></NonOptimizedWhere>
<NavigationTree>
<Table>
<TableId>10</TableId>
<TableName>cidade</TableName>
<Description>cidade</Description>
<RecordsToRead>many</RecordsToRead>
<KeyAttributes>
<Attribute>
<AttriId>8</AttriId>
<AttriName>cid_id</AttriName>
<Description>cid_id</Description></Attribute></KeyAttributes>
<Tables></Tables></Table></NavigationTree>
<TablesToUpdate></TablesToUpdate>
<Formulas>
<VerticalFormulas></VerticalFormulas>
<AggSelFormulas></AggSelFormulas></Formulas>
<Levels></Levels></Level></Levels></ObjectSpec>