
<ObjectSpec>
<SpecVersion>18_0_8-180599</SpecVersion>
<Object>
<ObjClsGuid>84a12160-f59b-4ad7-a683-ea4481ac23e9</ObjClsGuid>
<ObjCls>1</ObjCls>
<ObjId>45</ObjId>
<ObjName>crud_servidor_temporario_get</ObjName>
<ObjDesc>crud_servidor_temporario_get</ObjDesc>
<ObjPgmName>crud_servidor_temporario_get</ObjPgmName>
<ObjClsName>Procedure</ObjClsName></Object>
<Result>genreq</Result>
<Warnings></Warnings>
<Errors></Errors>
<OutputDevices>
<Device>None</Device></OutputDevices>
<Generator>
<GenId>12</GenId>
<GenName>Default (Java)</GenName></Generator>
<FormClass>Graphic</FormClass>
<Parameters>
<Parameter>
<IO>in</IO>
<Variable>
<VarId>Pes_nome</VarId>
<VarName>&amp;pes_nome</VarName></Variable></Parameter>
<Parameter>
<IO>in</IO>
<Variable>
<VarId>Pagina</VarId>
<VarName>&amp;Pagina</VarName></Variable></Parameter>
<Parameter>
<IO>in</IO>
<Variable>
<VarId>Qtdregistro</VarId>
<VarName>&amp;QtdRegistro</VarName></Variable></Parameter>
<Parameter>
<IO>out</IO>
<Variable>
<VarId>Crud_servidor_temporario_get_sdt</VarId>
<VarName>&amp;crud_servidor_temporario_get_sdt</VarName></Variable></Parameter>
<Parameter>
<IO>out</IO>
<Variable>
<VarId>Messages</VarId>
<VarName>&amp;Messages</VarName></Variable></Parameter></Parameters>
<Levels>
<Level>
<LevelNumber>2</LevelNumber>
<Optimizations></Optimizations>
<LevelType>For Each</LevelType>
<LevelBeginRow>6</LevelBeginRow>
<BaseTable>
<Table>
<TableId>6</TableId>
<TableName>pessoa</TableName>
<Description>cadastro pessoa</Description></Table></BaseTable>
<Order>
<Attribute>
<AttriId>5</AttriId>
<AttriName>pes_id</AttriName>
<Description>pes_id</Description></Attribute></Order>
<Condition></Condition>
<IndexName>IPESSOA</IndexName>
<LevelOptions></LevelOptions>
<OptimizedWhere>
<StartFrom>
<Condition>
<Token>FirstRecord</Token></Condition></StartFrom>
<LoopWhile>
<Condition>
<Token>NotEndOfTable</Token></Condition></LoopWhile></OptimizedWhere>
<NonOptimizedWhere>
<ConditionalConstraint>
<Constraint>
<Attribute>
<AttriId>14</AttriId>
<AttriName>pes_nome</AttriName>
<Description>pes_nome</Description></Attribute>
<Sp></Sp>
<Token>like</Token>
<Sp></Sp>
<Token>'%'</Token>
<Sp></Sp>
<Token>+</Token>
<Sp></Sp>
<Variable>
<VarId>Pes_nome</VarId>
<VarName>&amp;pes_nome</VarName></Variable>
<Sp></Sp>
<Token>+</Token>
<Sp></Sp>
<Token>'%'</Token></Constraint>
<Condition>
<Token>not</Token>
<Sp></Sp>
<Variable>
<VarId>Pes_nome</VarId>
<VarName>&amp;pes_nome</VarName></Variable>
<Token>.</Token>
<Token>isempty(</Token>
<Token>)</Token></Condition></ConditionalConstraint></NonOptimizedWhere>
<NavigationTree>
<Table>
<TableId>6</TableId>
<TableName>pessoa</TableName>
<Description>cadastro pessoa</Description>
<RecordsToRead>many</RecordsToRead>
<KeyAttributes>
<Attribute>
<AttriId>5</AttriId>
<AttriName>pes_id</AttriName>
<Description>pes_id</Description></Attribute></KeyAttributes>
<Tables></Tables></Table></NavigationTree>
<TablesToUpdate></TablesToUpdate>
<Formulas>
<VerticalFormulas></VerticalFormulas>
<AggSelFormulas></AggSelFormulas></Formulas>
<Levels>
<Level>
<LevelNumber>3</LevelNumber>
<Optimizations></Optimizations>
<LevelType>For First</LevelType>
<LevelBeginRow>9</LevelBeginRow>
<BaseTable>
<Table>
<TableId>12</TableId>
<TableName>servidor_temporario</TableName>
<Description>servidor_temporario</Description></Table></BaseTable>
<Order>
<Attribute>
<AttriId>3</AttriId>
<AttriName>st_pes_id</AttriName>
<Description>st_pes_id</Description></Attribute></Order>
<Condition></Condition>
<IndexName>ISERVIDOR_TEMPORARIO</IndexName>
<LevelOptions></LevelOptions>
<Optimizations>
<Optimization>
<Type>ServerPaging</Type></Optimization></Optimizations>
<OptimizedWhere>
<StartFrom>
<Condition>
<Attribute>
<AttriId>3</AttriId>
<AttriName>st_pes_id</AttriName>
<Description>st_pes_id</Description></Attribute>
<Sp></Sp>
<Token>=</Token>
<Sp></Sp>
<Attribute>
<AttriId>5</AttriId>
<AttriName>@pes_id</AttriName>
<Description>pes_id</Description></Attribute></Condition></StartFrom>
<LoopWhile>
<Condition>
<Attribute>
<AttriId>3</AttriId>
<AttriName>st_pes_id</AttriName>
<Description>st_pes_id</Description></Attribute>
<Sp></Sp>
<Token>=</Token>
<Sp></Sp>
<Attribute>
<AttriId>5</AttriId>
<AttriName>@pes_id</AttriName>
<Description>pes_id</Description></Attribute></Condition></LoopWhile></OptimizedWhere>
<NonOptimizedWhere></NonOptimizedWhere>
<NavigationTree>
<Table>
<TableId>12</TableId>
<TableName>servidor_temporario</TableName>
<Description>servidor_temporario</Description>
<RecordsToRead>many</RecordsToRead>
<KeyAttributes>
<Attribute>
<AttriId>3</AttriId>
<AttriName>st_pes_id</AttriName>
<Description>st_pes_id</Description></Attribute></KeyAttributes>
<Tables></Tables></Table></NavigationTree>
<TablesToUpdate></TablesToUpdate>
<Formulas>
<VerticalFormulas></VerticalFormulas>
<AggSelFormulas></AggSelFormulas></Formulas>
<Levels>
<Level>
<LevelNumber>4</LevelNumber>
<Optimizations></Optimizations>
<LevelType>For Each</LevelType>
<LevelBeginRow>23</LevelBeginRow>
<BaseTable>
<Table>
<TableId>5</TableId>
<TableName>pessoa_endereco</TableName>
<Description>pessoa_endereco</Description></Table></BaseTable>
<Order>
<Attribute>
<AttriId>5</AttriId>
<AttriName>pes_id</AttriName>
<Description>pes_id</Description></Attribute></Order>
<Condition></Condition>
<IndexName>IPESSOA_ENDERECO</IndexName>
<LevelOptions></LevelOptions>
<OptimizedWhere>
<StartFrom>
<Condition>
<Attribute>
<AttriId>5</AttriId>
<AttriName>pes_id</AttriName>
<Description>pes_id</Description></Attribute>
<Sp></Sp>
<Token>=</Token>
<Sp></Sp>
<Attribute>
<AttriId>5</AttriId>
<AttriName>@pes_id</AttriName>
<Description>pes_id</Description></Attribute></Condition></StartFrom>
<LoopWhile>
<Condition>
<Attribute>
<AttriId>5</AttriId>
<AttriName>pes_id</AttriName>
<Description>pes_id</Description></Attribute>
<Sp></Sp>
<Token>=</Token>
<Sp></Sp>
<Attribute>
<AttriId>5</AttriId>
<AttriName>@pes_id</AttriName>
<Description>pes_id</Description></Attribute></Condition></LoopWhile></OptimizedWhere>
<NonOptimizedWhere></NonOptimizedWhere>
<JoinLocation>1</JoinLocation>
<NavigationTree>
<Table>
<TableId>5</TableId>
<TableName>pessoa_endereco</TableName>
<Description>pessoa_endereco</Description>
<RecordsToRead>many</RecordsToRead>
<KeyAttributes>
<Attribute>
<AttriId>5</AttriId>
<AttriName>pes_id</AttriName>
<Description>pes_id</Description></Attribute>
<Attribute>
<AttriId>2</AttriId>
<AttriName>end_id</AttriName>
<Description>end_id</Description></Attribute></KeyAttributes>
<Tables>
<Table>
<TableId>9</TableId>
<TableName>endereco</TableName>
<Description>endereco</Description>
<RecordsToRead>one</RecordsToRead>
<KeyAttributes>
<Attribute>
<AttriId>2</AttriId>
<AttriName>end_id</AttriName>
<Description>end_id</Description></Attribute></KeyAttributes>
<Tables>
<Table>
<TableId>10</TableId>
<TableName>cidade</TableName>
<Description>cidade</Description>
<RecordsToRead>one</RecordsToRead>
<KeyAttributes>
<Attribute>
<AttriId>8</AttriId>
<AttriName>cid_id</AttriName>
<Description>cid_id</Description></Attribute></KeyAttributes>
<JoinType>Outer</JoinType>
<Tables></Tables></Table></Tables></Table></Tables></Table></NavigationTree>
<TablesToUpdate></TablesToUpdate>
<Formulas>
<VerticalFormulas></VerticalFormulas>
<AggSelFormulas></AggSelFormulas></Formulas>
<Levels></Levels></Level></Levels></Level></Levels></Level></Levels></ObjectSpec>