
<ObjectSpec>
<SpecVersion>18_0_8-180599</SpecVersion>
<Object>
<ObjClsGuid>84a12160-f59b-4ad7-a683-ea4481ac23e9</ObjClsGuid>
<ObjCls>1</ObjCls>
<ObjId>63</ObjId>
<ObjName>crud_cidade_get</ObjName>
<ObjDesc>crud_cidade_get</ObjDesc>
<ObjPgmName>crud_cidade_get</ObjPgmName>
<ObjClsName>Procedure</ObjClsName></Object>
<Result>genreq</Result>
<Warnings></Warnings>
<Errors></Errors>
<OutputDevices>
<Device>None</Device></OutputDevices>
<Generator>
<GenId>12</GenId>
<GenName>Default (Java)</GenName></Generator>
<FormClass>Graphic</FormClass>
<Parameters>
<Parameter>
<IO>in</IO>
<Variable>
<VarId>Cid_nome</VarId>
<VarName>&amp;cid_nome</VarName></Variable></Parameter>
<Parameter>
<IO>in</IO>
<Variable>
<VarId>Pagina</VarId>
<VarName>&amp;Pagina</VarName></Variable></Parameter>
<Parameter>
<IO>in</IO>
<Variable>
<VarId>Qtdregistro</VarId>
<VarName>&amp;QtdRegistro</VarName></Variable></Parameter>
<Parameter>
<IO>out</IO>
<Variable>
<VarId>Crud_cidade_get_sdt</VarId>
<VarName>&amp;crud_cidade_get_sdt</VarName></Variable></Parameter>
<Parameter>
<IO>out</IO>
<Variable>
<VarId>Messages</VarId>
<VarName>&amp;Messages</VarName></Variable></Parameter></Parameters>
<Levels>
<Level>
<LevelNumber>2</LevelNumber>
<Optimizations></Optimizations>
<LevelType>For Each</LevelType>
<LevelBeginRow>6</LevelBeginRow>
<BaseTable>
<Table>
<TableId>10</TableId>
<TableName>cidade</TableName>
<Description>cidade</Description></Table></BaseTable>
<Order>
<Attribute>
<AttriId>8</AttriId>
<AttriName>cid_id</AttriName>
<Description>cid_id</Description></Attribute></Order>
<Condition></Condition>
<IndexName>ICIDADE</IndexName>
<LevelOptions></LevelOptions>
<Optimizations>
<Optimization>
<Type>ServerPaging</Type></Optimization></Optimizations>
<OptimizedWhere>
<StartFrom>
<Condition>
<Token>FirstRecord</Token></Condition></StartFrom>
<LoopWhile>
<Condition>
<Token>NotEndOfTable</Token></Condition></LoopWhile></OptimizedWhere>
<NonOptimizedWhere>
<ConditionalConstraint>
<Constraint>
<Attribute>
<AttriId>28</AttriId>
<AttriName>cid_nome</AttriName>
<Description>cid_nome</Description></Attribute>
<Sp></Sp>
<Token>like</Token>
<Sp></Sp>
<Token>'%'</Token>
<Sp></Sp>
<Token>+</Token>
<Sp></Sp>
<Variable>
<VarId>Cid_nome</VarId>
<VarName>&amp;cid_nome</VarName></Variable>
<Sp></Sp>
<Token>+</Token>
<Sp></Sp>
<Token>'%'</Token></Constraint>
<Condition>
<Token>not</Token>
<Sp></Sp>
<Variable>
<VarId>Cid_nome</VarId>
<VarName>&amp;cid_nome</VarName></Variable>
<Token>.</Token>
<Token>isempty(</Token>
<Token>)</Token></Condition></ConditionalConstraint></NonOptimizedWhere>
<NavigationTree>
<Table>
<TableId>10</TableId>
<TableName>cidade</TableName>
<Description>cidade</Description>
<RecordsToRead>many</RecordsToRead>
<KeyAttributes>
<Attribute>
<AttriId>8</AttriId>
<AttriName>cid_id</AttriName>
<Description>cid_id</Description></Attribute></KeyAttributes>
<Into>
<Attribute>
<AttriId>28</AttriId>
<AttriName>cid_nome</AttriName>
<Description>cid_nome</Description></Attribute>
<Attribute>
<AttriId>8</AttriId>
<AttriName>cid_id</AttriName>
<Description>cid_id</Description></Attribute>
<Attribute>
<AttriId>29</AttriId>
<AttriName>cid_uf</AttriName>
<Description>cid_uf</Description></Attribute></Into>
<Tables></Tables></Table></NavigationTree>
<TablesToUpdate></TablesToUpdate>
<Formulas>
<VerticalFormulas></VerticalFormulas>
<AggSelFormulas></AggSelFormulas></Formulas>
<Levels></Levels></Level></Levels></ObjectSpec>