
<ObjectSpec>
<SpecVersion>18_0_8-180599</SpecVersion>
<Object>
<ObjClsGuid>1db606f2-af09-4cf9-a3b5-b481519d28f6</ObjClsGuid>
<ObjCls>0</ObjCls>
<ObjId>9</ObjId>
<ObjName>endereco</ObjName>
<ObjDesc>endereco</ObjDesc>
<ObjPgmName>endereco</ObjPgmName>
<ObjClsName>Transaction</ObjClsName></Object>
<Result>genreq</Result>
<Warnings></Warnings>
<Errors></Errors>
<Generator>
<GenId>12</GenId>
<GenName>Default (Java)</GenName></Generator>
<FormClass>HTML</FormClass>
<Parameters></Parameters>
<Levels>
<Level>
<LevelType>Trn</LevelType>
<LevelNumber>9</LevelNumber>
<BaseTable>
<Table>
<TableId>9</TableId>
<TableName>endereco</TableName>
<Description>endereco</Description></Table></BaseTable>
<NavigationTree>
<Table>
<TableId>9</TableId>
<TableName>endereco</TableName>
<Description>endereco</Description>
<Updated>Yes</Updated>
<RecordsToRead>many</RecordsToRead>
<KeyAttributes>
<Attribute>
<AttriId>2</AttriId>
<AttriName>end_id</AttriName>
<Description>end_id</Description></Attribute></KeyAttributes>
<Tables>
<Table>
<TableId>10</TableId>
<TableName>cidade</TableName>
<Description>cidade</Description>
<RecordsToRead>one</RecordsToRead>
<KeyAttributes>
<Attribute>
<AttriId>8</AttriId>
<AttriName>cid_id</AttriName>
<Description>cid_id</Description></Attribute></KeyAttributes>
<JoinType>Outer</JoinType>
<Tables></Tables></Table></Tables></Table></NavigationTree>
<Formulas>
<VerticalFormulas></VerticalFormulas>
<AggSelFormulas></AggSelFormulas></Formulas>
<DynamicLoads></DynamicLoads>
<Rules></Rules>
<AfterAttributeRules></AfterAttributeRules>
<AfterConfirmRules></AfterConfirmRules>
<TablesToUpdate>
<TableToUpdate>
<Table>
<TableId>9</TableId>
<TableName>endereco</TableName>
<Description>endereco</Description></Table>
<TableAction>insert</TableAction>
<AttrisToUpdate>
<Attribute>
<AttriId>24</AttriId>
<AttriName>end_tipo_endereco</AttriName>
<Description>end_tipo_endereco</Description></Attribute>
<Attribute>
<AttriId>25</AttriId>
<AttriName>end_logradouro</AttriName>
<Description>end_logradouro</Description></Attribute>
<Attribute>
<AttriId>26</AttriId>
<AttriName>end_numero</AttriName>
<Description>end_numero</Description></Attribute>
<Attribute>
<AttriId>27</AttriId>
<AttriName>end_bairro</AttriName>
<Description>end_bairro</Description></Attribute>
<Attribute>
<AttriId>8</AttriId>
<AttriName>cid_id</AttriName>
<Description>cid_id</Description></Attribute></AttrisToUpdate></TableToUpdate>
<TableToUpdate>
<Table>
<TableId>9</TableId>
<TableName>endereco</TableName>
<Description>endereco</Description></Table>
<TableAction>update</TableAction>
<AttrisToUpdate>
<Attribute>
<AttriId>24</AttriId>
<AttriName>end_tipo_endereco</AttriName>
<Description>end_tipo_endereco</Description></Attribute>
<Attribute>
<AttriId>25</AttriId>
<AttriName>end_logradouro</AttriName>
<Description>end_logradouro</Description></Attribute>
<Attribute>
<AttriId>26</AttriId>
<AttriName>end_numero</AttriName>
<Description>end_numero</Description></Attribute>
<Attribute>
<AttriId>27</AttriId>
<AttriName>end_bairro</AttriName>
<Description>end_bairro</Description></Attribute>
<Attribute>
<AttriId>8</AttriId>
<AttriName>cid_id</AttriName>
<Description>cid_id</Description></Attribute></AttrisToUpdate></TableToUpdate>
<TableToUpdate>
<Table>
<TableId>9</TableId>
<TableName>endereco</TableName>
<Description>endereco</Description></Table>
<TableAction>delete</TableAction>
<AttrisToUpdate></AttrisToUpdate></TableToUpdate></TablesToUpdate>
<AfterInsertRules></AfterInsertRules>
<AfterUpdateRules></AfterUpdateRules>
<AfterDeleteRules></AfterDeleteRules>
<TablesToControlOnDelete>
<Table>
<TableId>5</TableId>
<TableName>pessoa_endereco</TableName>
<Description>pessoa_endereco</Description>
<RecordsToRead>one</RecordsToRead>
<KeyAttributes>
<Attribute>
<AttriId>2</AttriId>
<AttriName>end_id</AttriName>
<Description>end_id</Description></Attribute></KeyAttributes></Table>
<Table>
<TableId>1</TableId>
<TableName>unidade_endereco</TableName>
<Description>unidade_endereco</Description>
<RecordsToRead>one</RecordsToRead>
<KeyAttributes>
<Attribute>
<AttriId>2</AttriId>
<AttriName>end_id</AttriName>
<Description>end_id</Description></Attribute></KeyAttributes></Table></TablesToControlOnDelete>
<Levels></Levels>
<AfterTrnRules></AfterTrnRules>
<AfterLevelRules></AfterLevelRules></Level></Levels>
<Prompts></Prompts>
<Suggests></Suggests></ObjectSpec>