
<ObjectSpec>
<SpecVersion>18_0_8-180599</SpecVersion>
<Object>
<ObjClsGuid>1db606f2-af09-4cf9-a3b5-b481519d28f6</ObjClsGuid>
<ObjCls>0</ObjCls>
<ObjId>8</ObjId>
<ObjName>foto_pessoa</ObjName>
<ObjDesc>foto_pessoa</ObjDesc>
<ObjPgmName>foto_pessoa</ObjPgmName>
<ObjClsName>Transaction</ObjClsName></Object>
<Result>genreq</Result>
<Warnings></Warnings>
<Errors></Errors>
<Generator>
<GenId>12</GenId>
<GenName>Default (Java)</GenName></Generator>
<FormClass>HTML</FormClass>
<Parameters></Parameters>
<Levels>
<Level>
<LevelType>Trn</LevelType>
<LevelNumber>8</LevelNumber>
<BaseTable>
<Table>
<TableId>8</TableId>
<TableName>foto_pessoa</TableName>
<Description>foto_pessoa</Description></Table></BaseTable>
<NavigationTree>
<Table>
<TableId>8</TableId>
<TableName>foto_pessoa</TableName>
<Description>foto_pessoa</Description>
<Updated>Yes</Updated>
<RecordsToRead>many</RecordsToRead>
<KeyAttributes>
<Attribute>
<AttriId>7</AttriId>
<AttriName>fp_id</AttriName>
<Description>fp_id</Description></Attribute></KeyAttributes>
<Tables>
<Table>
<TableId>6</TableId>
<TableName>pessoa</TableName>
<Description>cadastro pessoa</Description>
<RecordsToRead>one</RecordsToRead>
<KeyAttributes>
<Attribute>
<AttriId>5</AttriId>
<AttriName>pes_id</AttriName>
<Description>pes_id</Description></Attribute></KeyAttributes>
<JoinType>Outer</JoinType>
<Tables></Tables></Table></Tables></Table></NavigationTree>
<Formulas>
<VerticalFormulas></VerticalFormulas>
<AggSelFormulas></AggSelFormulas></Formulas>
<DynamicLoads></DynamicLoads>
<Rules></Rules>
<AfterAttributeRules></AfterAttributeRules>
<AfterConfirmRules></AfterConfirmRules>
<TablesToUpdate>
<TableToUpdate>
<Table>
<TableId>8</TableId>
<TableName>foto_pessoa</TableName>
<Description>foto_pessoa</Description></Table>
<TableAction>insert</TableAction>
<AttrisToUpdate>
<Attribute>
<AttriId>23</AttriId>
<AttriName>fp_hash</AttriName>
<Description>fp_hash</Description></Attribute>
<Attribute>
<AttriId>21</AttriId>
<AttriName>fp_data</AttriName>
<Description>fp_data</Description></Attribute>
<Attribute>
<AttriId>22</AttriId>
<AttriName>fp_bucket</AttriName>
<Description>fp_bucket</Description></Attribute>
<Attribute>
<AttriId>33</AttriId>
<AttriName>fp_foto</AttriName>
<Description>fp_foto</Description></Attribute>
<Attribute>
<AttriId>40000</AttriId>
<AttriName>fp_foto.Uri  </AttriName>
<Description></Description></Attribute>
<Attribute>
<AttriId>5</AttriId>
<AttriName>pes_id</AttriName>
<Description>pes_id</Description></Attribute></AttrisToUpdate></TableToUpdate>
<TableToUpdate>
<Table>
<TableId>8</TableId>
<TableName>foto_pessoa</TableName>
<Description>foto_pessoa</Description></Table>
<TableAction>update</TableAction>
<AttrisToUpdate>
<Attribute>
<AttriId>23</AttriId>
<AttriName>fp_hash</AttriName>
<Description>fp_hash</Description></Attribute>
<Attribute>
<AttriId>21</AttriId>
<AttriName>fp_data</AttriName>
<Description>fp_data</Description></Attribute>
<Attribute>
<AttriId>22</AttriId>
<AttriName>fp_bucket</AttriName>
<Description>fp_bucket</Description></Attribute>
<Attribute>
<AttriId>33</AttriId>
<AttriName>fp_foto</AttriName>
<Description>fp_foto</Description></Attribute>
<Attribute>
<AttriId>40000</AttriId>
<AttriName>fp_foto.Uri  </AttriName>
<Description></Description></Attribute>
<Attribute>
<AttriId>5</AttriId>
<AttriName>pes_id</AttriName>
<Description>pes_id</Description></Attribute></AttrisToUpdate></TableToUpdate>
<TableToUpdate>
<Table>
<TableId>8</TableId>
<TableName>foto_pessoa</TableName>
<Description>foto_pessoa</Description></Table>
<TableAction>delete</TableAction>
<AttrisToUpdate></AttrisToUpdate></TableToUpdate></TablesToUpdate>
<AfterInsertRules></AfterInsertRules>
<AfterUpdateRules></AfterUpdateRules>
<AfterDeleteRules></AfterDeleteRules>
<TablesToControlOnDelete></TablesToControlOnDelete>
<Levels></Levels>
<AfterTrnRules></AfterTrnRules>
<AfterLevelRules></AfterLevelRules></Level></Levels>
<Prompts></Prompts>
<Suggests></Suggests></ObjectSpec>