
<ObjectSpec>
<SpecVersion>18_0_8-180599</SpecVersion>
<Object>
<ObjClsGuid>c9584656-94b6-4ccd-890f-332d11fc2c25</ObjClsGuid>
<ObjCls>13</ObjCls>
<ObjId>13</ObjId>
<ObjName>home</ObjName>
<ObjDesc>home</ObjDesc>
<ObjPgmName>home</ObjPgmName>
<ObjClsName>Web Panel</ObjClsName></Object>
<Result>genreq</Result>
<Warnings></Warnings>
<Errors></Errors>
<Main>Yes</Main>
<Generator>
<GenId>12</GenId>
<GenName>Default (Java)</GenName></Generator>
<FormClass>HTML</FormClass>
<Parameters></Parameters>
<StandAloneRules></StandAloneRules>
<Event>
<EventName>'Estrutura_SDT'</EventName></Event>
<Event>
<EventName>'CHAMA_ROTINA'</EventName></Event>
<Event>
<EventName>Load</EventName></Event>
<Suggests></Suggests></ObjectSpec>