
<ObjectSpec>
<SpecVersion>18_0_8-180599</SpecVersion>
<Object>
<ObjClsGuid>84a12160-f59b-4ad7-a683-ea4481ac23e9</ObjClsGuid>
<ObjCls>1</ObjCls>
<ObjId>14</ObjId>
<ObjName>InserirCidade</ObjName>
<ObjDesc>Inserir Cidade</ObjDesc>
<ObjPgmName>InserirCidade</ObjPgmName>
<ObjClsName>Procedure</ObjClsName></Object>
<Result>genreq</Result>
<Warnings></Warnings>
<Errors></Errors>
<OutputDevices>
<Device>None</Device></OutputDevices>
<Generator>
<GenId>12</GenId>
<GenName>Default (Java)</GenName></Generator>
<FormClass>Graphic</FormClass>
<Parameters>
<Parameter>
<IO>in</IO>
<Variable>
<VarId>Cidade_sdt</VarId>
<VarName>&amp;cidade_sdt</VarName></Variable></Parameter>
<Parameter>
<IO>out</IO>
<Variable>
<VarId>Cid_id</VarId>
<VarName>&amp;cid_id</VarName></Variable></Parameter>
<Parameter>
<IO>out</IO>
<Variable>
<VarId>Messages</VarId>
<VarName>&amp;Messages</VarName></Variable></Parameter></Parameters>
<Levels>
<Level>
<LevelNumber>2</LevelNumber>
<Optimizations></Optimizations>
<LevelType>For Each</LevelType>
<LevelBeginRow>4</LevelBeginRow>
<BaseTable>
<Table>
<TableId>10</TableId>
<TableName>cidade</TableName>
<Description>cidade</Description></Table></BaseTable>
<Order>
<Attribute>
<AttriId>8</AttriId>
<AttriName>cid_id</AttriName>
<Description>cid_id</Description></Attribute></Order>
<Condition></Condition>
<IndexName>ICIDADE</IndexName>
<LevelOptions></LevelOptions>
<OptimizedWhere>
<StartFrom>
<Condition>
<Token>FirstRecord</Token></Condition></StartFrom>
<LoopWhile>
<Condition>
<Token>NotEndOfTable</Token></Condition></LoopWhile></OptimizedWhere>
<NonOptimizedWhere>
<Condition>
<Attribute>
<AttriId>28</AttriId>
<AttriName>cid_nome</AttriName>
<Description>cid_nome</Description></Attribute>
<Token>.</Token>
<Token>toupper(</Token>
<Token>)</Token>
<Sp></Sp>
<Token>=</Token>
<Sp></Sp>
<Variable>
<VarId>Cidade_sdt</VarId>
<VarName>&amp;cidade_sdt</VarName></Variable>
<Token>.</Token>
<Token>Cid_nome</Token>
<Token>.</Token>
<Token>toupper(</Token>
<Token>)</Token></Condition>
<Condition>
<Attribute>
<AttriId>29</AttriId>
<AttriName>cid_uf</AttriName>
<Description>cid_uf</Description></Attribute>
<Token>.</Token>
<Token>toupper(</Token>
<Token>)</Token>
<Sp></Sp>
<Token>=</Token>
<Sp></Sp>
<Variable>
<VarId>Cidade_sdt</VarId>
<VarName>&amp;cidade_sdt</VarName></Variable>
<Token>.</Token>
<Token>Cid_uf</Token>
<Token>.</Token>
<Token>toupper(</Token>
<Token>)</Token></Condition></NonOptimizedWhere>
<NavigationTree>
<Table>
<TableId>10</TableId>
<TableName>cidade</TableName>
<Description>cidade</Description>
<RecordsToRead>many</RecordsToRead>
<KeyAttributes>
<Attribute>
<AttriId>8</AttriId>
<AttriName>cid_id</AttriName>
<Description>cid_id</Description></Attribute></KeyAttributes>
<Tables></Tables></Table></NavigationTree>
<TablesToUpdate></TablesToUpdate>
<Formulas>
<VerticalFormulas></VerticalFormulas>
<AggSelFormulas></AggSelFormulas></Formulas>
<Levels></Levels></Level></Levels></ObjectSpec>