
<ObjectSpec>
<SpecVersion>18_0_8-180599</SpecVersion>
<Object>
<ObjClsGuid>84a12160-f59b-4ad7-a683-ea4481ac23e9</ObjClsGuid>
<ObjCls>1</ObjCls>
<ObjId>16</ObjId>
<ObjName>InserirEndereco</ObjName>
<ObjDesc>Inserir Endereco</ObjDesc>
<ObjPgmName>InserirEndereco</ObjPgmName>
<ObjClsName>Procedure</ObjClsName></Object>
<Result>genreq</Result>
<Warnings></Warnings>
<Errors></Errors>
<OutputDevices>
<Device>None</Device></OutputDevices>
<Generator>
<GenId>12</GenId>
<GenName>Default (Java)</GenName></Generator>
<FormClass>Graphic</FormClass>
<Parameters>
<Parameter>
<IO>in</IO>
<Variable>
<VarId>Endereco_sdt</VarId>
<VarName>&amp;endereco_sdt</VarName></Variable></Parameter>
<Parameter>
<IO>out</IO>
<Variable>
<VarId>End_id</VarId>
<VarName>&amp;end_id</VarName></Variable></Parameter>
<Parameter>
<IO>out</IO>
<Variable>
<VarId>Messages</VarId>
<VarName>&amp;Messages</VarName></Variable></Parameter></Parameters>
<Levels>
<Level>
<LevelNumber>2</LevelNumber>
<Optimizations></Optimizations>
<LevelType>For Each</LevelType>
<LevelBeginRow>4</LevelBeginRow>
<BaseTable>
<Table>
<TableId>9</TableId>
<TableName>endereco</TableName>
<Description>endereco</Description></Table></BaseTable>
<Order>
<Attribute>
<AttriId>8</AttriId>
<AttriName>cid_id</AttriName>
<Description>cid_id</Description></Attribute></Order>
<Condition></Condition>
<IndexName>IENDERECO1</IndexName>
<LevelOptions></LevelOptions>
<OptimizedWhere>
<StartFrom>
<Condition>
<Attribute>
<AttriId>8</AttriId>
<AttriName>cid_id</AttriName>
<Description>cid_id</Description></Attribute>
<Sp></Sp>
<Token>=</Token>
<Sp></Sp>
<Variable>
<VarId>Endereco_sdt</VarId>
<VarName>&amp;endereco_sdt</VarName></Variable>
<Token>.</Token>
<Token>Cid_id</Token></Condition></StartFrom>
<LoopWhile>
<Condition>
<Attribute>
<AttriId>8</AttriId>
<AttriName>cid_id</AttriName>
<Description>cid_id</Description></Attribute>
<Sp></Sp>
<Token>=</Token>
<Sp></Sp>
<Variable>
<VarId>Endereco_sdt</VarId>
<VarName>&amp;endereco_sdt</VarName></Variable>
<Token>.</Token>
<Token>Cid_id</Token></Condition></LoopWhile></OptimizedWhere>
<NonOptimizedWhere>
<Condition>
<Attribute>
<AttriId>24</AttriId>
<AttriName>end_tipo_endereco</AttriName>
<Description>end_tipo_endereco</Description></Attribute>
<Token>.</Token>
<Token>toupper(</Token>
<Token>)</Token>
<Sp></Sp>
<Token>=</Token>
<Sp></Sp>
<Variable>
<VarId>Endereco_sdt</VarId>
<VarName>&amp;endereco_sdt</VarName></Variable>
<Token>.</Token>
<Token>End_tipo_endereco</Token>
<Token>.</Token>
<Token>toupper(</Token>
<Token>)</Token></Condition>
<Condition>
<Attribute>
<AttriId>25</AttriId>
<AttriName>end_logradouro</AttriName>
<Description>end_logradouro</Description></Attribute>
<Token>.</Token>
<Token>toupper(</Token>
<Token>)</Token>
<Sp></Sp>
<Token>=</Token>
<Sp></Sp>
<Variable>
<VarId>Endereco_sdt</VarId>
<VarName>&amp;endereco_sdt</VarName></Variable>
<Token>.</Token>
<Token>End_logradouro</Token>
<Token>.</Token>
<Token>toupper(</Token>
<Token>)</Token></Condition>
<Condition>
<Attribute>
<AttriId>27</AttriId>
<AttriName>end_bairro</AttriName>
<Description>end_bairro</Description></Attribute>
<Token>.</Token>
<Token>toupper(</Token>
<Token>)</Token>
<Sp></Sp>
<Token>=</Token>
<Sp></Sp>
<Variable>
<VarId>Endereco_sdt</VarId>
<VarName>&amp;endereco_sdt</VarName></Variable>
<Token>.</Token>
<Token>End_bairro</Token>
<Token>.</Token>
<Token>toupper(</Token>
<Token>)</Token></Condition>
<Condition>
<Attribute>
<AttriId>26</AttriId>
<AttriName>end_numero</AttriName>
<Description>end_numero</Description></Attribute>
<Sp></Sp>
<Token>=</Token>
<Sp></Sp>
<Variable>
<VarId>Endereco_sdt</VarId>
<VarName>&amp;endereco_sdt</VarName></Variable>
<Token>.</Token>
<Token>End_numero</Token></Condition></NonOptimizedWhere>
<NavigationTree>
<Table>
<TableId>9</TableId>
<TableName>endereco</TableName>
<Description>endereco</Description>
<RecordsToRead>many</RecordsToRead>
<KeyAttributes>
<Attribute>
<AttriId>2</AttriId>
<AttriName>end_id</AttriName>
<Description>end_id</Description></Attribute></KeyAttributes>
<Tables></Tables></Table></NavigationTree>
<TablesToUpdate></TablesToUpdate>
<Formulas>
<VerticalFormulas></VerticalFormulas>
<AggSelFormulas></AggSelFormulas></Formulas>
<Levels></Levels></Level></Levels></ObjectSpec>