
<ObjectSpec>
<SpecVersion>18_0_8-180599</SpecVersion>
<Object>
<ObjClsGuid>1db606f2-af09-4cf9-a3b5-b481519d28f6</ObjClsGuid>
<ObjCls>0</ObjCls>
<ObjId>7</ObjId>
<ObjName>lotacao_BC</ObjName>
<ObjDesc>lotacao</ObjDesc>
<ObjPgmName>lotacao_BC</ObjPgmName>
<ObjClsName>Transaction</ObjClsName></Object>
<Result>genreq</Result>
<Warnings></Warnings>
<Errors></Errors>
<Generator>
<GenId>12</GenId>
<GenName>Default (Java)</GenName></Generator>
<FormClass>HTML</FormClass>
<Parameters></Parameters>
<Levels>
<Level>
<LevelType>Trn</LevelType>
<LevelNumber>7</LevelNumber>
<BaseTable>
<Table>
<TableId>7</TableId>
<TableName>lotacao</TableName>
<Description>lotacao</Description></Table></BaseTable>
<NavigationTree>
<Table>
<TableId>7</TableId>
<TableName>lotacao</TableName>
<Description>lotacao</Description>
<Updated>Yes</Updated>
<RecordsToRead>many</RecordsToRead>
<KeyAttributes>
<Attribute>
<AttriId>6</AttriId>
<AttriName>lot_id</AttriName>
<Description>lot_id</Description></Attribute></KeyAttributes>
<Tables>
<Table>
<TableId>6</TableId>
<TableName>pessoa</TableName>
<Description>cadastro pessoa</Description>
<RecordsToRead>one</RecordsToRead>
<KeyAttributes>
<Attribute>
<AttriId>5</AttriId>
<AttriName>pes_id</AttriName>
<Description>pes_id</Description></Attribute></KeyAttributes>
<Tables></Tables></Table>
<Table>
<TableId>2</TableId>
<TableName>unidade</TableName>
<Description>unidade</Description>
<RecordsToRead>one</RecordsToRead>
<KeyAttributes>
<Attribute>
<AttriId>1</AttriId>
<AttriName>unid_id</AttriName>
<Description>unid_id</Description></Attribute></KeyAttributes>
<Tables></Tables></Table></Tables></Table></NavigationTree>
<Formulas>
<VerticalFormulas></VerticalFormulas>
<AggSelFormulas></AggSelFormulas></Formulas>
<DynamicLoads></DynamicLoads>
<Rules></Rules>
<AfterAttributeRules></AfterAttributeRules>
<AfterConfirmRules></AfterConfirmRules>
<TablesToUpdate>
<TableToUpdate>
<Table>
<TableId>7</TableId>
<TableName>lotacao</TableName>
<Description>lotacao</Description></Table>
<TableAction>insert</TableAction>
<AttrisToUpdate>
<Attribute>
<AttriId>18</AttriId>
<AttriName>lot_data_lotacao</AttriName>
<Description>lot_data_lotacao</Description></Attribute>
<Attribute>
<AttriId>19</AttriId>
<AttriName>lot_data_remocao</AttriName>
<Description>lot_data_remocao</Description></Attribute>
<Attribute>
<AttriId>20</AttriId>
<AttriName>lot_portaria</AttriName>
<Description>lot_portaria</Description></Attribute>
<Attribute>
<AttriId>5</AttriId>
<AttriName>pes_id</AttriName>
<Description>pes_id</Description></Attribute>
<Attribute>
<AttriId>1</AttriId>
<AttriName>unid_id</AttriName>
<Description>unid_id</Description></Attribute></AttrisToUpdate></TableToUpdate>
<TableToUpdate>
<Table>
<TableId>7</TableId>
<TableName>lotacao</TableName>
<Description>lotacao</Description></Table>
<TableAction>update</TableAction>
<AttrisToUpdate>
<Attribute>
<AttriId>18</AttriId>
<AttriName>lot_data_lotacao</AttriName>
<Description>lot_data_lotacao</Description></Attribute>
<Attribute>
<AttriId>19</AttriId>
<AttriName>lot_data_remocao</AttriName>
<Description>lot_data_remocao</Description></Attribute>
<Attribute>
<AttriId>20</AttriId>
<AttriName>lot_portaria</AttriName>
<Description>lot_portaria</Description></Attribute>
<Attribute>
<AttriId>5</AttriId>
<AttriName>pes_id</AttriName>
<Description>pes_id</Description></Attribute>
<Attribute>
<AttriId>1</AttriId>
<AttriName>unid_id</AttriName>
<Description>unid_id</Description></Attribute></AttrisToUpdate></TableToUpdate>
<TableToUpdate>
<Table>
<TableId>7</TableId>
<TableName>lotacao</TableName>
<Description>lotacao</Description></Table>
<TableAction>delete</TableAction>
<AttrisToUpdate></AttrisToUpdate></TableToUpdate></TablesToUpdate>
<AfterInsertRules></AfterInsertRules>
<AfterUpdateRules></AfterUpdateRules>
<AfterDeleteRules></AfterDeleteRules>
<TablesToControlOnDelete></TablesToControlOnDelete>
<Levels></Levels>
<AfterTrnRules></AfterTrnRules>
<AfterLevelRules></AfterLevelRules></Level></Levels>
<Suggests></Suggests></ObjectSpec>