
<ObjectSpec>
<SpecVersion>18_0_8-180599</SpecVersion>
<Object>
<ObjClsGuid>1db606f2-af09-4cf9-a3b5-b481519d28f6</ObjClsGuid>
<ObjCls>0</ObjCls>
<ObjId>6</ObjId>
<ObjName>pessoa</ObjName>
<ObjDesc>cadastro pessoa</ObjDesc>
<ObjPgmName>pessoa</ObjPgmName>
<ObjClsName>Transaction</ObjClsName></Object>
<Result>genreq</Result>
<Warnings></Warnings>
<Errors></Errors>
<Generator>
<GenId>12</GenId>
<GenName>Default (Java)</GenName></Generator>
<FormClass>HTML</FormClass>
<Parameters></Parameters>
<Levels>
<Level>
<LevelType>Trn</LevelType>
<LevelNumber>6</LevelNumber>
<BaseTable>
<Table>
<TableId>6</TableId>
<TableName>pessoa</TableName>
<Description>cadastro pessoa</Description></Table></BaseTable>
<NavigationTree>
<Table>
<TableId>6</TableId>
<TableName>pessoa</TableName>
<Description>cadastro pessoa</Description>
<Updated>Yes</Updated>
<RecordsToRead>many</RecordsToRead>
<KeyAttributes>
<Attribute>
<AttriId>5</AttriId>
<AttriName>pes_id</AttriName>
<Description>pes_id</Description></Attribute></KeyAttributes>
<Tables></Tables></Table></NavigationTree>
<Formulas>
<VerticalFormulas></VerticalFormulas>
<AggSelFormulas></AggSelFormulas></Formulas>
<DynamicLoads></DynamicLoads>
<Rules></Rules>
<AfterAttributeRules></AfterAttributeRules>
<AfterConfirmRules></AfterConfirmRules>
<TablesToUpdate>
<TableToUpdate>
<Table>
<TableId>6</TableId>
<TableName>pessoa</TableName>
<Description>cadastro pessoa</Description></Table>
<TableAction>insert</TableAction>
<AttrisToUpdate>
<Attribute>
<AttriId>14</AttriId>
<AttriName>pes_nome</AttriName>
<Description>pes_nome</Description></Attribute>
<Attribute>
<AttriId>15</AttriId>
<AttriName>pes_data_nascimento</AttriName>
<Description>pes_data_nascimento</Description></Attribute>
<Attribute>
<AttriId>31</AttriId>
<AttriName>pes_sexo</AttriName>
<Description>pes_sexo</Description></Attribute>
<Attribute>
<AttriId>16</AttriId>
<AttriName>pes_mae</AttriName>
<Description>pes_mae</Description></Attribute>
<Attribute>
<AttriId>17</AttriId>
<AttriName>pes_pai</AttriName>
<Description>pes_pai</Description></Attribute></AttrisToUpdate></TableToUpdate>
<TableToUpdate>
<Table>
<TableId>6</TableId>
<TableName>pessoa</TableName>
<Description>cadastro pessoa</Description></Table>
<TableAction>update</TableAction>
<AttrisToUpdate>
<Attribute>
<AttriId>14</AttriId>
<AttriName>pes_nome</AttriName>
<Description>pes_nome</Description></Attribute>
<Attribute>
<AttriId>15</AttriId>
<AttriName>pes_data_nascimento</AttriName>
<Description>pes_data_nascimento</Description></Attribute>
<Attribute>
<AttriId>31</AttriId>
<AttriName>pes_sexo</AttriName>
<Description>pes_sexo</Description></Attribute>
<Attribute>
<AttriId>16</AttriId>
<AttriName>pes_mae</AttriName>
<Description>pes_mae</Description></Attribute>
<Attribute>
<AttriId>17</AttriId>
<AttriName>pes_pai</AttriName>
<Description>pes_pai</Description></Attribute></AttrisToUpdate></TableToUpdate>
<TableToUpdate>
<Table>
<TableId>6</TableId>
<TableName>pessoa</TableName>
<Description>cadastro pessoa</Description></Table>
<TableAction>delete</TableAction>
<AttrisToUpdate></AttrisToUpdate></TableToUpdate></TablesToUpdate>
<AfterInsertRules></AfterInsertRules>
<AfterUpdateRules></AfterUpdateRules>
<AfterDeleteRules></AfterDeleteRules>
<TablesToControlOnDelete>
<Table>
<TableId>8</TableId>
<TableName>foto_pessoa</TableName>
<Description>foto_pessoa</Description>
<RecordsToRead>one</RecordsToRead>
<KeyAttributes>
<Attribute>
<AttriId>5</AttriId>
<AttriName>pes_id</AttriName>
<Description>pes_id</Description></Attribute></KeyAttributes></Table>
<Table>
<TableId>7</TableId>
<TableName>lotacao</TableName>
<Description>lotacao</Description>
<RecordsToRead>one</RecordsToRead>
<KeyAttributes>
<Attribute>
<AttriId>5</AttriId>
<AttriName>pes_id</AttriName>
<Description>pes_id</Description></Attribute></KeyAttributes></Table>
<Table>
<TableId>5</TableId>
<TableName>pessoa_endereco</TableName>
<Description>pessoa_endereco</Description>
<RecordsToRead>one</RecordsToRead>
<KeyAttributes>
<Attribute>
<AttriId>5</AttriId>
<AttriName>pes_id</AttriName>
<Description>pes_id</Description></Attribute></KeyAttributes></Table>
<Table>
<TableId>4</TableId>
<TableName>servidor_efetivo</TableName>
<Description>servidor_efetivo</Description>
<RecordsToRead>one</RecordsToRead>
<KeyAttributes>
<Attribute>
<AttriId>4</AttriId>
<AttriName>se_pes_id</AttriName>
<Description>se_pes_id</Description></Attribute></KeyAttributes></Table>
<Table>
<TableId>12</TableId>
<TableName>servidor_temporario</TableName>
<Description>servidor_temporario</Description>
<RecordsToRead>one</RecordsToRead>
<KeyAttributes>
<Attribute>
<AttriId>3</AttriId>
<AttriName>st_pes_id</AttriName>
<Description>st_pes_id</Description></Attribute></KeyAttributes></Table></TablesToControlOnDelete>
<Levels></Levels>
<AfterTrnRules></AfterTrnRules>
<AfterLevelRules></AfterLevelRules></Level></Levels>
<Prompts></Prompts>
<Suggests></Suggests></ObjectSpec>