
<ObjectSpec>
<SpecVersion>18_0_8-180599</SpecVersion>
<Object>
<ObjClsGuid>1db606f2-af09-4cf9-a3b5-b481519d28f6</ObjClsGuid>
<ObjCls>0</ObjCls>
<ObjId>4</ObjId>
<ObjName>servidor_efetivo</ObjName>
<ObjDesc>servidor_efetivo</ObjDesc>
<ObjPgmName>servidor_efetivo</ObjPgmName>
<ObjClsName>Transaction</ObjClsName></Object>
<Result>genreq</Result>
<Warnings></Warnings>
<Errors></Errors>
<Generator>
<GenId>12</GenId>
<GenName>Default (Java)</GenName></Generator>
<FormClass>HTML</FormClass>
<Parameters></Parameters>
<Levels>
<Level>
<LevelType>Trn</LevelType>
<LevelNumber>4</LevelNumber>
<BaseTable>
<Table>
<TableId>4</TableId>
<TableName>servidor_efetivo</TableName>
<Description>servidor_efetivo</Description></Table></BaseTable>
<NavigationTree>
<Table>
<TableId>4</TableId>
<TableName>servidor_efetivo</TableName>
<Description>servidor_efetivo</Description>
<Updated>Yes</Updated>
<RecordsToRead>many</RecordsToRead>
<KeyAttributes>
<Attribute>
<AttriId>4</AttriId>
<AttriName>se_pes_id</AttriName>
<Description>se_pes_id</Description></Attribute></KeyAttributes>
<Tables>
<Table>
<TableId>6</TableId>
<TableName>pessoa</TableName>
<Description>cadastro pessoa</Description>
<RecordsToRead>one</RecordsToRead>
<KeyAttributes>
<Attribute>
<AttriId>4</AttriId>
<AttriName>se_pes_id</AttriName>
<Description>se_pes_id</Description></Attribute></KeyAttributes>
<Tables></Tables></Table></Tables></Table></NavigationTree>
<Formulas>
<VerticalFormulas></VerticalFormulas>
<AggSelFormulas></AggSelFormulas></Formulas>
<DynamicLoads></DynamicLoads>
<Rules></Rules>
<AfterAttributeRules></AfterAttributeRules>
<AfterConfirmRules></AfterConfirmRules>
<TablesToUpdate>
<TableToUpdate>
<Table>
<TableId>4</TableId>
<TableName>servidor_efetivo</TableName>
<Description>servidor_efetivo</Description></Table>
<TableAction>insert</TableAction>
<AttrisToUpdate>
<Attribute>
<AttriId>13</AttriId>
<AttriName>se_matricula</AttriName>
<Description>se_matricula</Description></Attribute>
<Attribute>
<AttriId>4</AttriId>
<AttriName>se_pes_id</AttriName>
<Description>se_pes_id</Description></Attribute></AttrisToUpdate></TableToUpdate>
<TableToUpdate>
<Table>
<TableId>4</TableId>
<TableName>servidor_efetivo</TableName>
<Description>servidor_efetivo</Description></Table>
<TableAction>update</TableAction>
<AttrisToUpdate>
<Attribute>
<AttriId>13</AttriId>
<AttriName>se_matricula</AttriName>
<Description>se_matricula</Description></Attribute></AttrisToUpdate></TableToUpdate>
<TableToUpdate>
<Table>
<TableId>4</TableId>
<TableName>servidor_efetivo</TableName>
<Description>servidor_efetivo</Description></Table>
<TableAction>delete</TableAction>
<AttrisToUpdate></AttrisToUpdate></TableToUpdate></TablesToUpdate>
<AfterInsertRules></AfterInsertRules>
<AfterUpdateRules></AfterUpdateRules>
<AfterDeleteRules></AfterDeleteRules>
<TablesToControlOnDelete></TablesToControlOnDelete>
<Levels></Levels>
<AfterTrnRules></AfterTrnRules>
<AfterLevelRules></AfterLevelRules></Level></Levels>
<Prompts></Prompts>
<Suggests></Suggests></ObjectSpec>