
<ObjectSpec>
<SpecVersion>18_0_8-180599</SpecVersion>
<Object>
<ObjClsGuid>1db606f2-af09-4cf9-a3b5-b481519d28f6</ObjClsGuid>
<ObjCls>0</ObjCls>
<ObjId>2</ObjId>
<ObjName>unidade</ObjName>
<ObjDesc>unidade</ObjDesc>
<ObjPgmName>unidade</ObjPgmName>
<ObjClsName>Transaction</ObjClsName></Object>
<Result>genreq</Result>
<Warnings></Warnings>
<Errors></Errors>
<Generator>
<GenId>12</GenId>
<GenName>Default (Java)</GenName></Generator>
<FormClass>HTML</FormClass>
<Parameters></Parameters>
<Levels>
<Level>
<LevelType>Trn</LevelType>
<LevelNumber>2</LevelNumber>
<BaseTable>
<Table>
<TableId>2</TableId>
<TableName>unidade</TableName>
<Description>unidade</Description></Table></BaseTable>
<NavigationTree>
<Table>
<TableId>2</TableId>
<TableName>unidade</TableName>
<Description>unidade</Description>
<Updated>Yes</Updated>
<RecordsToRead>many</RecordsToRead>
<KeyAttributes>
<Attribute>
<AttriId>1</AttriId>
<AttriName>unid_id</AttriName>
<Description>unid_id</Description></Attribute></KeyAttributes>
<Tables></Tables></Table></NavigationTree>
<Formulas>
<VerticalFormulas></VerticalFormulas>
<AggSelFormulas></AggSelFormulas></Formulas>
<DynamicLoads></DynamicLoads>
<Rules></Rules>
<AfterAttributeRules></AfterAttributeRules>
<AfterConfirmRules></AfterConfirmRules>
<TablesToUpdate>
<TableToUpdate>
<Table>
<TableId>2</TableId>
<TableName>unidade</TableName>
<Description>unidade</Description></Table>
<TableAction>insert</TableAction>
<AttrisToUpdate>
<Attribute>
<AttriId>9</AttriId>
<AttriName>unid_nome</AttriName>
<Description>unid_nome</Description></Attribute>
<Attribute>
<AttriId>10</AttriId>
<AttriName>unid_sigla</AttriName>
<Description>unid_sigla</Description></Attribute></AttrisToUpdate></TableToUpdate>
<TableToUpdate>
<Table>
<TableId>2</TableId>
<TableName>unidade</TableName>
<Description>unidade</Description></Table>
<TableAction>update</TableAction>
<AttrisToUpdate>
<Attribute>
<AttriId>9</AttriId>
<AttriName>unid_nome</AttriName>
<Description>unid_nome</Description></Attribute>
<Attribute>
<AttriId>10</AttriId>
<AttriName>unid_sigla</AttriName>
<Description>unid_sigla</Description></Attribute></AttrisToUpdate></TableToUpdate>
<TableToUpdate>
<Table>
<TableId>2</TableId>
<TableName>unidade</TableName>
<Description>unidade</Description></Table>
<TableAction>delete</TableAction>
<AttrisToUpdate></AttrisToUpdate></TableToUpdate></TablesToUpdate>
<AfterInsertRules></AfterInsertRules>
<AfterUpdateRules></AfterUpdateRules>
<AfterDeleteRules></AfterDeleteRules>
<TablesToControlOnDelete>
<Table>
<TableId>7</TableId>
<TableName>lotacao</TableName>
<Description>lotacao</Description>
<RecordsToRead>one</RecordsToRead>
<KeyAttributes>
<Attribute>
<AttriId>1</AttriId>
<AttriName>unid_id</AttriName>
<Description>unid_id</Description></Attribute></KeyAttributes></Table>
<Table>
<TableId>1</TableId>
<TableName>unidade_endereco</TableName>
<Description>unidade_endereco</Description>
<RecordsToRead>one</RecordsToRead>
<KeyAttributes>
<Attribute>
<AttriId>1</AttriId>
<AttriName>unid_id</AttriName>
<Description>unid_id</Description></Attribute></KeyAttributes></Table></TablesToControlOnDelete>
<Levels></Levels>
<AfterTrnRules></AfterTrnRules>
<AfterLevelRules></AfterLevelRules></Level></Levels>
<Prompts></Prompts>
<Suggests></Suggests></ObjectSpec>