
<ObjectSpec>
<SpecVersion>18_0_8-180599</SpecVersion>
<Object>
<ObjClsGuid>c9584656-94b6-4ccd-890f-332d11fc2c25</ObjClsGuid>
<ObjCls>13</ObjCls>
<ObjId>2</ObjId>
<ObjName>General.UI.MasterPrompt</ObjName>
<ObjDesc>Prompt Master Page</ObjDesc>
<ObjPgmName>General.UI.MasterPrompt</ObjPgmName>
<ObjClsName>Web Panel</ObjClsName></Object>
<Result>genreq</Result>
<Warnings></Warnings>
<Errors></Errors>
<Generator>
<GenId>12</GenId>
<GenName>Default (Java)</GenName></Generator>
<FormClass>HTML</FormClass>
<Parameters></Parameters>
<StandAloneRules></StandAloneRules>
<Event>
<EventName>Load</EventName></Event>
<Suggests></Suggests></ObjectSpec>