<?xml version="1.0"?>
<Content xmlns:xsi="http://www.w3.org/2001/XMLSchema-instance" xmlns:xsd="http://www.w3.org/2001/XMLSchema">
	<Object id="GeneXusUnanimo.Dropdown">
		<Group>
			<Name>General</Name>
			<Type>Main</Type>
			<Children>
				<Prop>
					<Id>Id</Id>
					<Name>Id</Name>
					<Type>Integer</Type>
					<Default></Default>
					<Values></Values>
				</Prop>
				<Prop>
					<Id>UserPhoto</Id>
					<Name>UserPhoto</Name>
					<Type>Text</Type>
					<Default></Default>
					<Values></Values>
				</Prop>
				<Prop>
					<Id>UserFullName</Id>
					<Name>UserFullName</Name>
					<Type>Text</Type>
					<Default></Default>
					<Values></Values>
				</Prop>
				<Prop>
					<Id>UserCompany</Id>
					<Name>UserCompany</Name>
					<Type>Text</Type>
					<Default></Default>
					<Values></Values>
				</Prop>
				<Prop>
					<Id>DisplayType</Id>
					<Name>DisplayType</Name>
					<Type>Combo</Type>
					<Default>Avatar</Default>
					<Values><Value id='Avatar' desc='Avatar' /> 
					<Value id='Text' desc='Text' /> 
					<Value id='Avatar and Text' desc='Avatar and Text' /> 
					<Value id='Text into options box' desc='Text into options box' /> </Values>
				</Prop>
				<Prop>
					<Id>ExpandBehavior</Id>
					<Name>ExpandBehavior</Name>
					<Type>Combo</Type>
					<Default>Hover</Default>
					<Values><Value id='Click' desc='Click' /> 
					<Value id='Hover' desc='Hover' /> </Values>
				</Prop>
				<Prop>
					<Id>ShowVerticalSeparator</Id>
					<Name>ShowVerticalSeparator</Name>
					<Type>Boolean</Type>
					<Default>true</Default>
					<Values></Values>
				</Prop>
				<Prop>
					<Id>ShowLogoutOption</Id>
					<Name>ShowLogoutOption</Name>
					<Type>Boolean</Type>
					<Default>true</Default>
					<Values></Values>
				</Prop>
				<Prop>
					<Id>LogoutIcon</Id>
					<Name>LogoutIcon</Name>
					<Type>Text</Type>
					<Default></Default>
					<Values></Values>
				</Prop>
				<Prop>
					<Id>DropdownItems</Id>
					<Name>DropdownItems</Name>
					<Type>Custom</Type>
					<Default></Default>
					<Values></Values>
					<CustomType>Artech.Genexus.Common.CustomTypes.ControlAttVarReference, Artech.Genexus.Common</CustomType>
					<Metadata>
						<Value name="FlagScope">Designtime</Value>
						<Value name="FlagSetValueMethod">setDropdownItems</Value>
						<Value name="FlagGetValueMethod">getDropdownItems</Value>
						<Value name="FlagHideAttributes">True</Value>
						<Value name="FlagDataTypeFilter"></Value>
					</Metadata>
				</Prop>
				<Prop>
					<Id>DropdownItemsCurrentIndex</Id>
					<Name>DropdownItemsCurrentIndex</Name>
					<Type>Integer</Type>
					<Default></Default>
					<Values></Values>
				</Prop>
				<Prop>
					<Id>SelectedItemId</Id>
					<Name>SelectedItemId</Name>
					<Type>Text</Type>
					<Default></Default>
					<Values></Values>
				</Prop>
				<Prop>
					<Id>SelectedItemTarget</Id>
					<Name>SelectedItemTarget</Name>
					<Type>Text</Type>
					<Default></Default>
					<Values></Values>
				</Prop>
			</Children>
		</Group>
	</Object>
</Content>